Member,,"TOTAL ALLOWANCES CLAIMED, INC TRAVEL","TOTAL BASIC ALLOWANCES, EXC TRAVEL",TOTAL TRAVEL CLAIMED,Cost of staying away from main home,London supplement,Office running costs,Staffing costs,Centrally purchased stationery,Stationery associated postage costs,Central IT provision,Staff cover and other costs,Comms allowance,Mileage,MP Rail,MP Air,MP Misc (see notes),MP other Mileage,MP other Rail,MP other Air,MP other European,Spouse Total,No. of Journeys,Family Total,No. of Journeys,Employee Total,No. of Journeys
Joyce,Eric,187334,146697,40637,22466,0,21392,87907,1003,3753,1545,0,8631,7213,3183,21459,2224,0,78,145,510,1354,8,3075,20,1396,9
Connarty,Michael,183466,156207,27259,23083,0,29147,81455,685,3428,1173,6304,10932,6049,2410,13384,2552,0,0,0,1006,871,5,0,0,987,6
Carmichael,Mr Alistair,176190,135349,40841,23083,0,28462,77256,273,1160,1098,0,4017,1680,3155,26051,142,0,39,88,569,2740,10,2979,13,3398,18
Wallace,Mr Ben,175523,157599,17924,23083,0,20607,90825,619,2265,939,9512,9749,5559,8905,681,413,409,980,300,0,615,4,0,0,62,2
Sarwar,Mr Mohammad,174882,149761,25121,22745,0,21104,90504,1087,2840,1481,0,10000,0,2042,15836,0,0,0,0,0,2385,10,0,0,4858,23
Kennedy,Rt Hon Charles,174232,140338,33894,21287,0,20219,86023,594,1497,1176,0,9542,2635,4027,11986,2243,0,0,268,0,6046,30,5250,30,1439,10
Anderson,Janet,173556,152591,20965,23039,0,29281,82300,1367,5404,1270,0,9930,11996,2987,2693,715,0,0,0,1156,0,0,0,0,1418,14
Borrow,Mr David S,172706,158361,14345,23083,0,21276,88173,1677,3772,1374,0,19006,3451,7467,254,564,0,61,0,1144,529,9,0,0,875,9
McGovern,Mr Jim,171989,151138,20851,22568,0,21015,90509,1483,4047,1223,0,10293,1680,2214,12186,0,0,275,0,623,2124,14,0,0,1749,10
Hamilton,Mr Fabian,171824,159035,12789,23083,0,30380,81322,1348,3120,1492,8481,9809,4407,6934,62,79,0,0,0,0,851,10,179,4,277,2
Doran,Mr Frank,171717,147667,24050,22854,0,23587,88257,1107,3211,1346,0,7305,3262,2671,14587,2727,0,0,0,0,0,0,0,0,803,6
Dodds,Mr Nigel,171609,143737,27872,22992,0,29812,74351,1118,4052,1301,0,10111,2572,3829,12043,421,0,0,0,2671,4091,18,1782,11,463,2
Allen,Mr Graham,171198,152987,18211,22945,0,19608,85944,1446,5462,1291,0,16291,3981,7052,0,1440,0,0,0,2298,1417,23,1019,27,1004,13
Banks,Gordon,171106,149312,21794,23083,0,23778,87744,892,2460,1079,0,10276,2958,3187,11760,1038,0,0,0,0,1769,10,0,0,1082,7
Bruce,Rt Hon Malcolm,170910,145819,25091,23083,0,18862,92840,507,1226,1011,0,8290,4806,1893,10406,1838,0,0,0,795,3113,11,1723,10,517,5
George,Andrew,170367,153048,17319,23083,0,27110,86872,1651,5292,1157,1109,6774,5446,7858,505,243,0,0,0,58,1818,24,466,7,925,10
Davidson,Mr Ian,170014,150574,19440,23083,0,26679,79814,1363,4633,1292,0,13710,4942,3958,6943,346,0,35,0,2090,0,0,0,0,1126,14
Reed,Mr Jamie,169587,150351,19236,22516,0,23508,91022,690,2210,1051,0,9354,2611,15180,0,0,0,0,0,0,454,5,257,2,734,4
Woolas,Mr Phil,169427,149048,20379,23083,0,21319,88848,658,2363,1405,0,11372,2648,9462,2968,2568,0,108,0,0,580,10,899,12,1146,9
Mundell,David,169187,148717,20470,22177,0,28618,78977,1585,4743,1020,0,11597,5337,2950,7899,845,172,182,0,946,571,3,1090,13,478,6
Devine,Jim,169133,150037,19096,22898,0,21274,89532,1610,3662,1033,0,10028,4192,3054,10089,0,0,0,0,0,0,0,0,0,1761,12
Alexander,Danny,168478,142064,26414,23083,0,20971,81712,950,2548,1002,0,11798,3322,2180,14581,988,0,523,0,0,3669,21,93,5,1058,11
Moffat,Anne,168255,146808,21447,23083,0,23533,88292,74,690,1194,0,9942,3787,3205,11628,50,0,0,0,0,242,2,0,0,2535,21
Wishart,Pete,167846,139069,28777,21737,0,24165,76669,1204,3838,1159,0,10297,4247,1998,16470,1144,0,0,0,750,0,0,0,2,4168,14
Hall,Mr Mike,167791,152760,15031,23067,0,17087,94671,1820,5175,1147,0,9793,4563,8275,254,0,0,0,0,0,640,2,0,0,1299,17
Willis,Mr Phil,167561,147008,20553,22905,0,22322,87024,1792,5200,1127,0,6638,3829,12684,593,621,0,0,392,0,1596,10,0,0,838,10
Keen,Ann,167306,167306,0,18338,0,7290,104508,1212,5497,1319,19142,10000,0,0,0,0,0,0,0,0,0,0,0,0,0,0
Meale,Mr Alan,167272,143982,23290,23083,0,20149,90505,493,1889,1264,0,6599,7585,10802,0,202,0,77,0,2737,562,10,0,0,1325,24
McKenna,Rosemary,167113,139992,27121,23058,0,22472,83781,326,485,1255,0,8615,3689,1013,9982,788,0,0,0,2105,5731,30,0,0,3813,24
Morden,Jessica,167060,155094,11966,20703,0,27270,89512,1593,4708,1117,0,10191,2788,6813,0,104,0,0,0,508,0,0,0,0,1753,24
Farrelly,Paul,167055,148093,18962,23083,0,17446,94396,664,1333,1171,0,10000,4175,7958,0,657,88,29,0,1819,2957,28,905,16,374,6
Harris,Mr Tom,166991,145595,21396,23083,0,23413,86848,776,3145,1003,0,7327,4575,7104,4846,0,0,0,0,0,3988,24,343,2,540,3
Hesford,Stephen,166866,150424,16442,21665,0,27038,83825,1638,5355,1129,0,9774,5625,10416,0,0,0,0,0,0,329,2,0,0,72,2
Begg,Miss Anne,166793,150132,16661,22116,0,23170,88673,1013,4376,1132,0,9652,2167,579,12570,1345,0,0,0,0,0,0,0,0,0,0
Johnson,Ms Diana R.,166509,155655,10854,21640,0,20063,88052,1253,5478,987,8310,9872,1258,7930,0,670,0,0,0,0,0,0,0,0,996,12
Liddell-Grainger,Mr Ian,166109,150493,15616,23083,0,30256,86469,852,2134,1161,0,6538,7045,1204,0,0,0,0,0,0,2152,20,1512,24,3703,23
Smith,Geraldine,166097,148464,17633,23035,0,22889,85554,410,1077,1100,0,14399,1680,12583,0,450,0,12,0,1143,0,0,0,0,1765,10
Robertson,Angus,165879,138259,27620,23082,0,21696,81953,511,430,1372,0,9215,6045,3474,13003,726,102,0,0,0,0,0,0,0,4270,21
Williams,Hywel,165765,146426,19339,23078,0,20875,93136,852,1460,1018,0,6007,4304,7860,662,203,350,0,0,2597,0,0,254,4,3109,20
Lewis,Mr Ivan,165670,153246,12424,23083,0,21889,88986,2204,4519,1512,323,10730,980,10518,926,0,0,0,0,0,0,0,0,0,0,2
Curtis-Thomas,Mrs Claire,165621,150496,15125,23083,0,14187,97656,901,3678,1340,0,9651,2273,5278,1729,0,0,0,0,0,3790,30,574,4,1481,13
Brown,Rt Hon Nicholas,165315,149640,15675,23068,0,11652,101153,314,1275,1346,0,10832,4973,8638,956,0,0,0,0,0,0,0,0,0,1108,24
Lazarowicz,Mark,165171,153132,12039,21774,0,21587,85364,2084,4789,1196,5289,11049,82,7267,3496,0,0,0,0,0,456,7,738,14,0,0
Jones,Helen,165102,152138,12964,23014,0,25756,85244,2196,4778,1353,0,9797,2997,9967,0,0,0,0,0,0,0,0,0,0,0,0
Brown,Mr Russell,165025,145548,19477,19908,0,26925,83018,1646,2944,1187,0,9920,5006,12138,0,0,0,0,0,0,2067,10,0,0,266,10
Blears,Rt Hon Hazel,164791,148235,16556,23083,0,18636,92407,912,3382,1297,0,8518,1020,12384,170,29,0,0,0,0,2953,6,0,0,0,0
Chapman,Ben,164699,149186,15513,23083,0,23481,81197,1564,5408,1305,0,13148,3100,6369,0,32,24,278,0,0,4620,25,0,0,1090,14
Levitt,Tom,164620,150333,14287,22450,0,15304,86154,2025,4594,930,1561,17315,3556,7351,0,6,0,77,0,0,2955,22,0,0,342,4
Mahmood,Mr Khalid,164614,147152,17462,17900,0,15742,101894,204,895,1581,0,8936,5043,10600,0,0,0,0,0,0,215,2,0,0,1604,21
Stewart,Ian,164590,149674,14916,21600,0,18327,92263,810,1331,1346,13867,130,992,10723,101,197,0,0,0,0,2560,16,0,0,343,2
Atkins,Charlotte,164458,153189,11269,23083,0,21324,90504,1497,5501,1284,0,9996,6844,969,0,0,0,0,0,0,1920,30,0,0,1536,24
ÃÂpik,Lembit,164406,154898,9508,23083,0,26955,84471,691,1718,1346,7111,9523,6378,1256,391,0,37,223,0,1223,0,0,0,0,0,0
Paterson,Mr Owen,164297,146757,17540,22637,0,17776,87891,778,3169,1219,0,13287,3962,776,118,871,1764,471,8782,0,635,20,0,0,161,4
Burden,Richard,164252,150783,13469,21061,0,12339,96412,664,2389,1450,3523,12945,2496,8631,0,28,0,40,0,0,1738,27,0,0,536,12
Rowen,Paul,164139,151916,12223,23083,0,22994,88468,1328,4591,1128,0,10324,4087,6817,685,540,0,0,0,0,0,0,0,0,94,2
Sanders,Mr Adrian,164063,150593,13470,19924,0,23656,88170,1210,4728,1323,2510,9072,3906,6905,0,0,0,0,0,0,543,6,0,0,2116,20
Hughes,Rt Hon Beverley,164055,150717,13338,23083,0,21546,90229,1745,4600,1345,0,8169,2684,9632,0,75,0,0,0,0,576,4,0,0,371,5
Hodgson,Mrs Sharon,164038,145218,18820,22942,0,17663,94456,893,1349,1153,2968,3794,2240,10549,1264,242,0,6,0,0,2880,25,546,6,1093,16
Byrne,Rt Hon Liam,164024,155705,8319,23083,0,20273,91461,2519,4394,2721,1678,9576,1856,4566,0,417,0,0,0,0,692,11,435,10,353,11
Godsiff,Mr Roger,163885,153072,10813,23083,0,16376,95459,1441,5497,1208,0,10008,8124,187,0,0,0,0,0,0,1416,30,0,0,1086,23
Wareing,Mr Robert N.,163775,148621,15154,19683,0,29250,79096,239,1247,924,8516,9666,10326,3034,1153,0,0,0,0,0,0,0,0,0,641,4
Lamb,Norman,163746,155937,7809,23083,0,22951,92443,1822,4527,1111,0,10000,3133,3492,0,14,0,550,136,0,162,8,25,2,297,8
Ellman,Mrs Louise,163476,148100,15376,22831,0,14530,96836,654,2030,1277,0,9942,1680,11258,0,0,0,0,0,0,1045,11,0,0,1393,13
Donohoe,Mr Brian H.,163390,137859,25531,23083,0,20254,83894,609,2558,1291,0,6170,5986,1249,13672,2487,0,0,0,0,862,6,0,0,1275,8
Bayley,Hugh,163319,149847,13472,23083,0,20229,91614,1412,4117,1028,0,8364,5556,3224,218,1028,185,19,0,562,1677,18,0,0,1003,12
Betts,Mr Clive,163255,151206,12049,23081,0,17096,94748,1393,3542,1347,0,9999,5111,4878,0,587,202,0,0,0,0,0,0,0,1271,14
Rennie,Willie,163202,147901,15301,21220,0,26629,82164,952,2870,1169,0,12897,1623,8527,3272,221,0,0,0,0,334,2,167,2,1157,7
Moore,Mr Michael,163098,144868,18230,21563,0,18403,89873,734,3324,964,0,10007,2926,4846,6749,139,0,0,0,760,2484,16,0,0,326,4
McGuire,Rt Hon Anne,162765,144979,17786,19595,0,19994,86623,1856,3640,1781,0,11490,1680,2784,9847,28,0,0,0,0,2094,12,0,0,1353,16
Robertson,Mr Laurence,162749,148338,14411,23083,0,30374,81454,487,1696,1229,0,10015,9662,1147,0,323,62,0,2049,83,0,0,0,0,1085,12
Milburn,Rt Hon Alan,162589,143860,18729,23083,0,21313,90504,612,2173,1187,0,4988,1714,13650,1737,0,0,0,0,0,551,4,167,2,910,10
Murphy,Rt Hon Jim,162542,148821,13721,22801,0,18962,91886,560,1583,1435,0,11594,1008,260,12378,75,0,0,0,0,0,0,0,0,0,0
Gwynne,Andrew,162325,146291,16034,23026,0,16576,94381,545,92,1280,0,10391,1569,13495,0,0,0,0,0,0,360,2,546,6,64,2
Clarke,Rt Hon Charles,162220,152948,9272,23083,0,19844,92000,1906,5092,1192,0,9831,2964,4517,0,0,0,0,0,366,830,19,29,2,566,16
Flello,Mr Robert,162116,150405,11711,20797,0,24990,86854,2654,4345,1376,0,9389,4993,5942,0,0,0,290,0,0,84,4,0,0,402,12
Taylor,Matthew,162040,148285,13755,23083,0,21297,87392,919,3346,1156,1869,9223,5986,2828,1369,764,0,41,417,0,919,8,0,0,1431,17
Pritchard,Mark,161827,146751,15076,23083,0,21708,76797,1220,4341,1103,0,18499,3996,4881,0,205,298,92,363,3947,1251,10,0,0,43,1
Moon,Mrs Madeleine,161729,149504,12225,22902,0,18994,93206,910,2182,1023,0,10287,1749,7586,0,43,122,173,0,0,867,10,0,0,1685,14
Campbell,Mr Ronnie,161713,146457,15256,23083,0,20824,90455,353,1427,1093,0,9222,5653,5159,119,12,0,355,0,0,3454,26,0,0,504,4
Pope,Mr Greg,161688,142799,18889,22211,0,24662,86275,353,1282,1350,0,6666,4023,8513,2355,456,0,0,0,0,3201,19,0,0,341,4
Vaz,Rt Hon Keith,161358,146584,14774,20787,0,26308,82637,1612,4484,1329,0,9427,8444,2165,0,0,278,169,280,2410,750,20,48,1,230,10
Davies,Philip,161300,149442,11858,23083,0,19985,90257,1002,3276,1107,0,10732,1680,9852,0,0,0,0,132,0,0,0,0,0,194,6
Turner,Mr Neil,161218,148106,13112,22979,0,16977,93551,1427,4360,1200,0,7612,2480,8935,0,0,487,0,0,0,1210,8,0,0,0,0
Browne,Mr Jeremy,161136,152260,8876,23074,0,19662,90251,1965,4989,1114,0,11205,2344,5997,0,0,0,0,0,0,131,0,0,0,404,7
McFall,Rt Hon John,161121,144809,16312,22832,0,16926,92230,628,1080,1220,0,9893,4049,1408,8135,201,0,0,0,0,2372,23,0,0,147,1
Donaldson,Rt Hon Jeffrey M.,161095,141279,19816,20342,0,20758,89492,1169,3176,982,0,5360,102,1209,15150,0,0,0,0,1667,854,4,834,4,0,0
Steen,Mr Anthony,160957,149787,11170,23083,0,14371,91679,897,2449,1413,4664,11231,4683,3438,0,631,0,0,0,0,1482,30,0,0,936,12
Harris,Dr Evan,160923,148589,12334,23081,0,24955,86888,617,1700,1348,0,10000,4425,5976,186,871,0,102,681,0,0,0,0,0,93,6
Hain,Rt Hon Peter,160826,151982,8844,23083,0,19226,91415,981,3367,1421,3112,9377,1489,3515,0,0,0,0,0,0,2957,23,0,0,883,12
Barker,Gregory,160630,154213,6417,21700,0,25056,92391,1024,4047,1262,0,8733,2746,466,0,0,22,1660,262,979,0,0,0,0,282,18
Wilshire,Mr David,160542,153250,7292,23083,0,25039,86476,1985,4999,1341,0,10327,6655,0,0,244,150,83,0,0,0,0,0,0,160,24
Harvey,Nick,160492,149241,11251,23036,0,21278,90449,952,2318,1374,0,9834,5904,3986,0,306,0,0,0,0,210,2,8,1,837,16
Moran,Margaret,160467,150297,10170,22343,0,17665,94101,1671,3492,1477,0,9548,8007,0,0,699,0,0,0,0,1152,0,0,0,312,16
Farron,Tim,160433,143944,16489,23050,0,25617,81776,1165,2543,1138,0,8655,4456,10703,0,24,0,0,0,0,0,0,180,4,1126,16
Jones,Mr Kevan,160365,144841,15524,23083,0,18785,90189,536,3300,1348,0,7600,4218,4093,6702,32,0,172,0,0,0,0,0,0,307,5
Sheerman,Mr Barry,160353,147216,13137,23083,0,19583,92261,579,2429,1256,0,8025,6665,4373,0,0,0,0,0,0,1730,22,0,0,369,7
Smith,Sir Robert,160316,139101,21215,19039,0,19137,86309,465,1108,1486,0,11557,3183,1061,12972,1318,0,0,0,0,468,2,1345,2,868,4
Reid,Rt Hon John,160209,145925,14284,23083,0,29979,85497,358,1261,1488,0,4259,0,1300,8560,0,0,0,0,0,1467,10,0,0,2957,21
Davies,David T. C.,160198,147743,12455,23020,0,23056,81646,525,1360,1039,0,17097,4138,5889,0,927,496,0,309,0,208,2,0,0,488,9
Simpson,Mr Keith,160087,152933,7154,22076,0,20123,81686,527,1817,1499,5779,19426,6134,360,0,0,0,0,0,0,639,16,21,2,0,0
Mountford,Kali,160015,140633,19382,23083,0,23791,85535,897,300,1261,0,5766,7816,6414,0,0,0,0,0,0,4692,30,0,0,460,4
Duddridge,James,160005,156040,3965,22975,0,19788,90280,1465,5237,1290,7646,7359,3030,751,0,10,0,0,0,0,0,0,0,0,174,16
Cawsey,Mr Ian,159935,147938,11997,18050,0,21700,85872,1770,4191,1166,5235,9954,4284,6709,0,472,0,17,0,0,0,0,0,0,515,4
Ruane,Chris,159935,152680,7255,23076,0,17548,94240,1030,5441,1345,0,10000,4723,1509,0,0,0,0,0,0,540,8,93,4,390,8
McCrea,Rev Dr William,159852,141724,18128,20904,0,30247,86875,627,2027,1044,0,0,0,2865,14623,0,0,0,0,0,640,3,0,0,0,0
Humble,Mrs Joan,159703,143792,15911,23083,0,19205,89148,510,1246,1090,0,9510,1680,12557,183,66,0,0,0,0,707,6,0,0,718,4
Gidley,Sandra,159636,154005,5631,22497,0,21283,92344,1566,3936,1445,1000,9934,1845,2570,0,110,0,893,61,0,31,4,0,0,121,8
Goldsworthy,Julia,159325,148135,11190,21576,0,21648,90195,1129,3246,1015,0,9326,2788,7232,181,52,0,344,0,0,0,0,0,0,593,14
Keetch,Mr Paul,159155,144240,14915,23083,0,27344,84273,675,1918,1353,0,5594,4606,7273,0,0,0,0,0,0,2066,22,112,2,858,10
Crabb,Mr Stephen,159121,147373,11748,22243,0,25447,85390,755,2136,1104,1707,8591,5976,3995,0,185,10,29,0,0,974,14,36,2,543,6
Simon,Mr SiÃÂ´n,158992,146808,12184,22975,0,26006,82136,2035,4908,1155,0,7593,0,9000,0,0,0,0,0,442,0,0,803,22,1939,24
Simpson,David,158903,131554,27349,21770,0,21091,83001,482,1433,1101,0,2676,1400,1747,18724,0,0,0,0,1667,2739,12,865,4,207,7
Webb,Prof Steve,158796,150397,8399,22913,0,18461,93370,996,3365,1308,0,9984,1204,6558,0,563,0,0,0,0,0,2,0,0,74,2
Flint,Rt Hon Caroline,158773,147464,11309,20861,0,19114,89319,1269,5730,1591,0,9580,1548,7370,0,0,0,0,0,0,2391,25,0,0,0,0
Bone,Mr Peter,158669,152314,6355,23061,0,17240,94600,1519,4890,1065,0,9939,4066,854,0,52,0,25,0,0,641,15,121,6,596,24
Campbell,Mr Alan,158648,141057,17591,21188,0,23761,78998,1519,2452,1288,0,11851,4020,11925,508,0,0,0,0,0,0,0,0,0,1138,5
Roy,Mr Frank,158637,140675,17962,21365,0,19052,89612,693,1208,1165,0,7580,3786,1736,8987,1591,0,0,0,0,357,2,0,0,1505,12
Gibb,Mr Nick,158541,149013,9528,23053,0,12941,90191,668,2025,1364,18771,0,7216,0,0,244,916,51,1101,0,0,0,0,0,0,0
Grogan,Mr John,158477,143148,15329,23083,0,20757,91086,830,3758,1414,0,2220,2740,9001,971,0,0,476,425,512,0,0,0,0,1204,22
Griffith,Nia,158429,147090,11339,22911,0,18403,91165,529,820,987,0,12275,1680,8169,0,18,0,0,0,1249,0,0,0,0,223,8
Cryer,Mrs Ann,158190,145838,12352,19765,0,20269,91316,1845,2989,1350,0,8304,1351,9306,329,0,0,0,0,0,0,0,0,0,1366,12
Blackman-Woods,Dr Roberta,158136,143722,14414,23041,0,19063,84254,2251,2116,1124,0,11873,1680,11741,441,13,0,0,0,0,409,7,0,0,130,1
Griffiths,Nigel,158067,142149,15918,15943,0,23461,81799,1022,5215,1445,0,13264,0,2825,12926,0,0,0,0,0,167,2,0,0,0,0
Burgon,Colin,157931,147197,10734,22500,0,20433,89870,783,1530,1215,0,10866,4143,5403,0,0,0,0,0,0,0,0,545,6,643,6
Younger-Ross,Richard,157841,144449,13392,22228,0,29819,78978,1482,274,1148,0,10520,4396,5596,0,16,0,140,0,0,2386,20,0,0,858,8
Pearson,Ian,157725,150481,7244,23005,0,25243,86225,1637,4577,1446,0,8348,5117,549,0,0,0,0,0,0,1524,28,54,2,0,0
Blizzard,Mr Bob,157719,151960,5759,23082,0,21080,90485,1112,3522,1000,1411,10268,4460,730,0,0,0,0,0,0,103,2,0,0,466,18
Mitchell,Mr Andrew,157665,150473,7192,22831,0,20768,90012,1478,3107,1255,0,11022,4499,358,0,0,65,228,0,253,1355,28,0,0,434,12
Hope,Phil,157646,151173,6473,21361,0,20793,90656,1988,4914,1345,0,10116,1970,3875,0,0,0,0,0,0,628,20,0,0,0,0
Smith,Rt Hon Jacqui,157631,145331,12300,22948,0,16688,92587,2241,1765,535,0,8567,482,7070,0,0,0,0,0,0,2531,25,485,8,1732,17
Strang,Rt Hon Gavin,157571,132319,25252,11081,0,15421,93265,400,1136,1365,0,9651,1278,6448,12504,736,0,0,0,0,4286,21,0,0,0,0
Touhig,Rt Hon Don,157499,148570,8929,23080,0,15989,94203,732,1675,1339,0,11552,1775,5117,0,0,0,153,0,0,1297,12,0,0,587,6
Mulholland,Greg,157358,147992,9366,23083,0,24371,84532,1642,3180,1174,0,10010,1851,6460,335,0,0,227,0,0,0,0,0,0,493,7
Neill,Bob,157332,152794,4538,19108,0,17130,102055,880,2075,337,0,11209,4045,367,0,57,27,42,0,0,0,0,0,0,0,0
Palmer,Dr Nick,157329,148436,8893,23057,0,19125,92719,450,1606,1295,189,9995,1961,5893,0,0,0,0,0,236,0,0,0,0,803,24
Malik,Mr Shahid,157255,146853,10402,23083,0,28358,78083,1167,4832,1259,0,10071,6847,2798,515,60,0,0,182,0,0,0,0,0,0,0
Swinson,Jo,157241,142500,14741,23083,0,18618,90410,693,2937,1202,0,5557,1318,3288,7955,1527,0,42,0,0,0,0,0,0,611,11
Snelgrove,Anne,157229,148369,8860,20913,0,21605,89656,2917,3277,1078,0,8923,2853,5096,0,264,0,25,0,0,90,2,0,0,532,18
Hepburn,Mr Stephen,157125,142291,14834,23056,0,20206,88408,321,916,1412,0,7972,2446,12041,0,0,0,0,0,0,0,0,0,0,347,2
Campbell,Rt Hon Sir Menzies,157112,141431,15681,22570,0,13039,90794,797,2883,1323,6731,3294,482,2895,11029,0,0,0,0,0,955,6,0,0,320,2
Taylor,Ms Dari,157106,135918,21188,21170,0,16995,74166,3028,3175,1142,10094,6148,5132,13117,0,0,0,0,0,0,1864,18,0,0,1075,10
Anderson,Mr David,157094,143186,13908,21652,0,15305,90494,78,0,1168,7752,6737,2357,9845,424,0,0,0,0,0,218,3,0,0,1064,11
Caborn,Rt Hon Richard,157059,140993,16066,21755,0,19794,90784,633,2184,1170,0,4673,4999,9368,0,0,0,0,0,386,453,4,0,0,860,8
Soulsby,Sir Peter,156951,147843,9108,23051,0,20948,89985,1189,3830,987,0,7853,166,5448,0,975,0,0,0,0,1937,30,0,0,582,12
Wilson,Sammy,156932,135957,20975,14557,0,19154,88089,631,2240,1355,0,9931,1680,1478,15451,0,0,0,0,1495,0,0,0,0,871,4
Foster,Mr Don,156906,151209,5697,22754,0,20266,93729,978,1792,1346,1148,9196,3528,963,0,0,0,95,0,569,542,16,0,0,0,0
McGrady,Mr Eddie,156902,140656,16246,9295,0,25537,86078,466,1140,1225,6757,10158,5369,1038,9839,0,0,0,0,0,0,0,0,0,0,0
Clark,Ms Katy,156852,140369,16483,16661,0,23778,87140,494,1335,1189,0,9772,1515,2026,8986,1883,0,0,0,0,0,0,0,0,2073,14
Rosindell,Andrew,156832,152284,4548,23083,0,20188,90885,1567,5315,1332,0,9914,2512,289,0,0,64,0,0,1650,0,0,0,0,33,10
McDonnell,Dr Alasdair,156830,146895,9935,23083,0,16967,94769,209,864,1202,0,9801,1540,1223,6373,174,0,0,0,0,0,0,320,2,305,2
Russell,Christine,156749,146205,10544,21359,0,25396,86447,1179,3038,1219,0,7567,3590,6461,0,0,0,0,0,0,0,0,0,0,493,7
Kawczynski,Daniel,156737,146176,10561,21890,0,20722,88093,255,780,992,0,13444,3447,4066,0,504,0,87,0,2007,68,2,0,0,382,7
Vis,Dr Rudi,156728,150823,5905,23083,0,21328,88910,2104,4630,1378,0,9390,5292,0,0,0,0,0,0,613,0,0,0,0,0,0
Heald,Mr Oliver,156594,147995,8599,22979,0,20979,89679,831,3187,1083,0,9257,3246,3870,0,0,0,315,0,0,572,30,74,8,522,24
Plaskitt,Mr James,156552,151736,4816,22884,0,20571,90096,1953,5042,1349,0,9841,4593,22,0,0,0,0,0,0,0,0,0,0,201,15
Laws,Mr David,156511,148375,8136,19251,0,21425,90287,987,5186,1332,0,9907,6430,1056,0,0,0,526,0,0,0,0,0,0,124,8
Etherington,Bill,156467,139259,17208,22922,0,16323,95465,329,1907,1227,1086,0,4433,6651,0,0,0,185,0,608,3080,30,0,0,2251,12
Lansley,Mr Andrew,156411,149032,7379,21399,0,18067,93046,1180,3913,1178,305,9944,3125,1822,0,46,72,1322,179,385,428,16,0,0,0,0
Kumar,Dr Ashok,156385,141057,15328,23083,0,12034,90972,769,2666,1109,0,10424,4695,10388,0,0,0,0,0,0,0,0,0,0,245,8
Clelland,Mr David,156383,131364,25019,17279,0,21358,87423,378,558,1375,0,2993,2303,6797,9301,35,0,0,0,0,5298,29,0,0,1285,8
Simpson,Alan,156286,144637,11649,23083,0,21310,90505,1509,4030,1142,0,3058,3200,5662,0,0,0,0,0,0,1020,14,0,0,1767,24
Francis,Dr Hywel,156279,144896,11383,23083,0,17312,90366,337,1195,1157,0,11446,1929,6064,0,0,0,0,0,0,2895,25,0,0,495,6
Hood,Mr Jim,156260,137276,18984,19353,0,26267,78805,1011,1635,1061,0,9144,7250,1820,7863,1031,0,57,0,0,0,0,0,0,963,5
Baron,Mr John,156257,152839,3418,23083,0,13167,98653,1297,5355,1375,0,9909,2464,928,0,0,0,26,0,0,0,0,0,0,0,0
Hayes,Mr John,156255,146582,9673,22733,0,21300,90543,1900,4131,1347,0,4628,5161,2901,0,0,62,580,0,0,691,18,50,2,228,7
Battle,Rt Hon John,156214,141484,14730,18819,0,20622,90505,905,2071,1199,0,7363,2864,7865,166,0,0,0,0,0,610,6,0,0,3225,24
Chaytor,Mr David,156209,144074,12135,21584,0,21754,90089,353,279,1049,0,8966,3330,6006,375,925,0,0,0,501,481,3,0,0,517,10
Wyatt,Derek,156157,152164,3993,23083,0,18662,91575,1520,5444,1151,0,10729,2909,332,0,0,0,0,0,671,0,0,0,0,81,10
Mercer,Patrick,156067,140988,15079,23083,0,12856,98969,280,1601,1261,0,2938,5423,7067,0,0,0,0,0,0,1880,22,709,11,0,0
Cummings,John,156044,136316,19728,22075,0,12294,99549,227,988,1183,0,0,6644,10812,0,0,0,0,0,0,0,0,0,0,2272,20
Knight,Rt Hon Jim,155987,150379,5608,23083,0,15947,94135,2281,4033,1154,0,9746,939,4030,0,24,0,0,0,0,275,6,117,4,223,10
Merron,Gillian,155972,148611,7361,22641,0,13140,97565,1527,4461,1167,0,8110,1803,4495,0,0,0,0,0,0,0,0,0,0,1063,22
Clarke,Rt Hon Tom,155970,140165,15805,16264,0,11684,99782,613,1422,1162,0,9238,2158,1852,10766,129,0,0,0,0,0,0,0,0,900,6
Mitchell,Mr Austin,155956,139178,16778,23073,0,15452,90218,890,2722,1261,0,5562,6890,6032,0,0,0,0,0,0,3222,41,0,0,634,8
Oaten,Mr Mark,155911,146826,9085,22993,0,24738,85778,772,1607,1332,0,9606,3563,2892,0,0,0,0,0,766,926,30,305,8,633,14
Kilfoyle,Mr Peter,155856,141402,14454,23083,0,14096,97565,431,850,1347,0,4030,4310,7898,0,0,0,0,0,507,769,5,0,0,970,9
McCartney,Rt Hon Ian,155746,140940,14806,23083,0,17651,94193,858,3442,1109,0,604,492,11660,184,0,0,0,0,0,1404,22,0,0,1066,10
Maclean,Rt Hon David,155609,138102,17507,22638,0,25542,77643,649,1530,1803,0,8297,3922,12042,0,261,0,252,0,0,0,0,0,0,1030,10
Wiggin,Bill,155564,148026,7538,23083,0,11667,100009,858,2300,1360,0,8749,6355,244,0,0,0,254,382,0,239,5,64,2,0,0
Balls,Rt Hon Ed,155526,141041,14485,12219,0,21429,90414,2126,4470,1071,0,9312,4277,7019,0,50,0,0,0,0,0,0,2010,47,1129,17
Norris,Dan,155410,145625,9785,21078,0,18789,88243,4373,2625,1316,0,9201,5382,3144,0,11,0,0,0,0,0,0,0,0,1248,24
Ussher,Kitty,155388,144079,11309,22767,0,22007,84202,1193,3119,1171,0,9620,1560,4925,170,1305,0,0,0,0,3057,28,0,0,292,7
Waterson,Mr Nigel,155232,148210,7022,23083,0,18431,90985,814,2299,1371,0,11227,3880,1047,0,0,0,613,289,761,292,26,79,29,61,2
Austin,Mr Ian,155163,147505,7658,21925,0,19086,88703,1596,5400,1292,0,9503,1515,5197,0,6,0,0,0,0,563,9,16,6,361,7
Cohen,Harry,155026,151873,3153,23083,0,11341,100494,699,3109,1310,2810,9027,2380,0,0,16,560,0,0,0,132,30,0,0,65,18
Wright,David,154848,147323,7525,22573,0,13678,89442,871,2505,1268,0,16986,4511,262,0,19,0,0,0,0,2099,16,0,0,634,8
Barron,Rt Hon Kevin,154784,144252,10532,23083,0,12160,98254,377,565,1089,0,8724,7950,1627,0,0,0,0,0,0,681,8,0,0,274,4
Starkey,Dr Phyllis,154767,148119,6648,17969,0,21343,90500,1871,4164,1419,858,9995,1410,3018,0,1174,0,0,0,586,371,11,0,0,89,11
Browning,Angela,154738,146966,7772,22873,0,11498,98852,728,1881,1452,0,9682,6690,24,0,0,0,0,0,0,1058,8,0,0,0,0
Wright,Mr Anthony,154625,146116,8509,23083,0,23335,84937,868,1238,1325,0,11330,4544,3041,0,97,20,29,358,0,0,0,0,0,420,12
Riordan,Mrs Linda,154568,138549,16019,23083,0,17940,88823,1182,2921,1264,0,3336,2904,10312,0,1028,0,0,0,1205,0,0,0,0,570,4
Blackman,Liz,154567,148714,5853,22588,0,21153,89239,1524,5023,1176,1622,6389,5118,96,0,0,0,0,0,0,0,0,0,0,639,10
Foster,Mr Michael,154548,147540,7008,22847,0,16921,86832,1057,3785,1429,0,14669,4254,2715,0,0,0,0,0,0,0,0,0,0,39,2
Barrett,John,154441,142165,12276,22663,0,21833,81275,1195,1992,1211,2016,9980,0,2558,8408,0,0,105,0,0,719,6,0,0,486,9
Taylor,David,154277,141991,12286,17553,0,20512,89002,784,3209,1149,0,9782,4754,5431,0,1138,0,0,0,0,686,18,0,0,277,6
Denham,Rt Hon John,154260,147039,7221,23083,0,17574,89780,1185,3433,1417,877,9690,3391,2734,0,3,0,0,0,1093,0,0,0,0,0,0
Lloyd,Tony,154170,137904,16266,19706,0,23043,88060,602,1509,1053,0,3931,890,11986,938,0,0,0,0,290,0,0,0,0,2162,18
Leigh,Mr Edward,154113,143126,10987,22840,0,16314,95530,224,501,1447,0,6270,3097,3873,0,0,0,0,0,1188,1067,17,1639,37,123,2
Stuart,Ms Gisela,154100,145281,8819,18245,0,25779,85716,1192,3418,1335,0,9596,6450,942,747,0,0,0,0,319,0,0,0,0,361,7
Dhanda,Mr Parmjit,153906,146404,7502,20805,0,12319,93256,2405,4421,1325,0,11873,2812,4621,0,0,0,0,0,0,0,0,0,0,69,4
Cook,Frank,153902,135225,18677,23083,0,16791,83261,360,1062,1296,0,9372,9956,7244,0,0,51,116,0,0,0,0,0,0,1310,10
Gillan,Mrs Cheryl,153886,145182,8704,23057,0,19956,91658,815,5329,1217,0,3150,3384,81,0,0,416,4305,0,0,288,30,0,0,230,24
Simmonds,Mark,153873,144578,9295,23083,0,22862,88744,262,1109,1360,0,7158,4021,2925,0,25,155,162,0,252,1169,30,0,0,586,13
Fraser,Christopher,153822,142682,11140,23022,0,14217,91412,586,1896,1090,0,10459,7618,497,0,226,350,70,305,84,1792,28,0,0,198,6
Hanson,Rt Hon David,153794,138489,15305,23048,0,12250,86672,1270,4696,1115,0,9438,2381,9386,210,195,0,0,0,0,1743,18,971,13,419,10
Eagle,Maria,153742,143205,10537,17124,0,12047,99797,982,1870,1480,0,9905,3908,3679,620,0,0,0,0,0,0,0,0,0,2330,17
Streeter,Mr Gary,153644,140684,12960,22096,0,18412,92786,422,1495,1288,0,4185,1612,10212,0,19,0,169,208,174,0,0,0,0,566,5
Healey,Rt Hon John,153433,137331,16102,18674,0,24894,84204,1099,2258,1376,0,4826,2458,10886,0,0,0,9,0,0,2018,16,264,5,467,3
Carswell,Mr Douglas,153378,147084,6294,23083,0,21290,84770,570,2871,1296,0,13204,1253,4456,0,0,0,0,0,493,0,0,0,0,92,4
Yeo,Mr Tim,153358,147759,5599,23083,0,15720,96123,686,1680,1339,0,9128,5047,309,0,0,0,0,0,0,147,5,0,0,96,4
Fox,Dr Liam,153316,143815,9501,20746,0,19651,91346,363,1028,1398,0,9283,5119,1414,0,250,0,1468,218,983,49,2,0,0,0,0
Murphy,Mr Denis,153143,136714,16429,20881,0,19336,90549,327,340,776,0,4505,4775,9153,218,157,0,0,0,0,0,0,0,0,2126,13
Wills,Rt Hon Michael,153138,151685,1453,20766,0,10216,100554,1732,5254,1328,2429,9406,580,834,0,0,0,0,0,0,39,0,0,0,0,0
Willetts,Mr David,153073,145019,8054,22899,0,20601,91234,639,3478,1054,0,5114,1038,1833,338,0,0,1664,0,2934,100,1,147,6,0,0
McCarthy,Kerry,153035,148175,4860,21266,0,17395,94398,949,530,1322,3001,9314,1102,3461,0,0,0,0,0,0,0,0,0,0,297,8
O'Brien,Mr Stephen,153027,137609,15418,23034,0,23426,88143,351,1504,1151,0,0,7655,4320,0,460,538,564,0,0,725,13,100,3,1056,16
Sheridan,Jim,152989,134638,18351,23083,0,22525,84209,116,630,1109,0,2966,2794,1999,10991,182,0,0,0,1461,214,2,0,0,710,6
Taylor,Mr Ian,152963,148626,4337,23083,0,7972,103859,635,1927,1156,0,9994,4075,45,0,0,0,217,0,0,0,0,0,0,0,0
Mann,John,152933,142040,10893,13114,0,20655,89935,1767,5205,1439,0,9925,2222,6288,0,66,392,42,0,876,327,10,44,4,636,16
Bailey,Mr Adrian,152897,146501,6396,22862,0,16277,95548,540,1456,1125,2075,6618,1895,3638,0,27,0,0,0,0,308,5,0,0,528,24
Horwood,Mr Martin,152892,146098,6794,21449,0,19753,92048,564,1439,1008,0,9837,0,6133,0,90,0,0,0,0,57,6,0,0,514,12
Miller,Mrs Maria,152888,144482,8406,23000,0,19551,90601,916,2740,1228,0,6446,5142,333,0,45,0,0,0,410,241,18,2016,90,219,20
MacShane,Rt Hon Denis,152884,136518,16366,23083,0,18438,81529,825,1504,1459,0,9680,6132,5566,0,0,0,1506,198,1994,0,0,405,5,565,6
Woodward,Rt Hon Shaun,152822,147045,5777,23083,0,27763,84040,771,841,1222,0,9325,367,2735,1237,0,0,0,0,0,0,0,0,0,1438,12
Letwin,Rt Hon Oliver,152759,145715,7044,20558,0,15517,91544,820,2442,1180,1684,11970,3664,793,0,0,0,0,0,0,1622,26,965,26,0,0
McCafferty,Chris,152744,143247,9497,19576,0,13326,98491,585,1505,1071,0,8693,6580,1557,0,411,0,0,0,0,583,4,0,0,366,3
Cooper,Rt Hon Yvette,152659,137200,15459,12219,0,16588,90224,1759,4479,1120,1681,9130,1125,10033,0,130,0,0,0,0,0,0,2095,56,2076,23
Beith,Rt Hon Sir Alan,152563,138119,14444,17686,0,13491,85593,645,3040,1307,3719,12638,2916,7976,350,111,0,0,0,0,742,6,0,0,2349,20
Robertson,John,152542,133667,18875,20809,0,19715,82942,605,1519,1272,0,6805,4339,1481,10767,575,0,0,0,0,516,3,0,0,1197,10
Smith,Rt Hon Andrew,152389,148986,3403,13306,0,24257,86349,1811,5188,1482,5724,10869,3091,206,0,61,0,0,0,0,0,0,0,0,45,2
Havard,Mr Dai,152385,146884,5501,21120,0,18209,93136,742,2010,1170,0,10497,4714,0,0,0,80,0,0,0,0,0,0,0,707,11
Dorries,Nadine,152318,144061,8257,22528,0,19399,87098,250,665,1132,0,12989,3727,3634,0,896,0,0,0,0,0,0,0,0,0,0
Marsden,Mr Gordon,152300,138008,14292,9739,0,18680,93164,667,2413,1436,1909,10000,0,3867,9367,0,0,0,0,583,0,0,0,0,475,6
Baker,Norman,152212,147043,5169,21862,0,24993,84032,1324,3913,1073,358,9488,880,3347,0,0,0,238,0,461,97,7,73,7,73,6
Gove,Michael,152071,146509,5562,23083,0,15602,89446,516,1016,1141,0,15705,3560,184,0,0,0,1798,0,0,0,0,0,0,20,4
Kennedy,Rt Hon Jane,151977,140924,11053,23083,0,20253,92947,537,765,1371,1563,405,0,10374,0,350,0,0,0,0,0,0,0,0,329,2
Baird,Vera QC,151975,140075,11900,19728,0,17355,94488,577,1560,1258,0,5109,2420,8843,0,0,0,0,0,0,0,0,0,0,637,12
Ryan,Rt Hon Joan,151954,151233,721,21658,0,18719,91993,1612,5263,1048,0,10940,580,141,0,0,0,0,0,0,0,0,0,0,0,0
Ruffley,Mr David,151941,144207,7734,13760,0,22152,94781,1031,2046,1418,0,9019,5050,1620,0,0,0,258,0,0,0,0,0,0,806,24
Darling,Rt Hon Alistair,151904,130272,21632,9837,0,19085,90933,423,1394,1021,0,7579,248,1086,10033,0,0,0,0,0,5283,30,4391,25,591,4
Henderson,Mr Doug,151860,134160,17700,23083,0,9710,89766,623,3182,639,0,7157,5156,3951,3988,1033,0,0,0,0,2402,26,580,9,590,2
Stoate,Dr Howard,151660,147732,3928,17883,0,17221,93371,1556,5273,1176,0,11252,2253,1136,0,256,0,283,0,0,0,0,0,0,0,0
Lancaster,Mr Mark,151619,146282,5337,22541,0,19848,88283,1149,3471,1223,0,9767,3358,1473,0,20,0,233,0,0,31,1,0,0,222,21
Swire,Mr Hugo,151616,140234,11382,22802,0,23572,88271,517,1312,1076,0,2684,5669,2495,0,204,0,398,0,0,2373,30,243,6,0,0
Reed,Mr Andy,151604,144350,7254,22568,0,20933,89907,303,720,1176,0,8743,4730,1122,0,0,0,0,129,908,135,2,0,0,230,4
Harper,Mr Mark,151563,142576,8987,22978,0,21262,84265,772,2961,976,0,9362,1983,4345,0,355,0,666,0,0,1638,28,0,0,0,0
Paice,Mr James,151519,143475,8044,23083,0,14574,89199,437,1922,1116,0,13144,4890,545,0,182,581,1555,70,0,221,14,0,0,0,0
Butler,Ms Dawn,151515,151326,189,23083,0,15137,88783,2029,4887,1039,4972,11396,0,61,0,0,0,0,0,0,0,0,0,0,128,24
Shaw,Jonathan,151423,148833,2590,21254,0,14827,92201,1516,2796,1484,0,14755,1448,1028,0,0,0,16,0,0,24,2,0,0,74,9
Seabeck,Alison,151396,139615,11781,20037,0,21169,89712,642,1224,1071,0,5760,280,10766,0,0,0,532,0,0,0,0,0,0,203,4
Tipping,Paddy,151383,139548,11835,14227,0,21339,84457,984,6010,1929,0,10602,4143,6729,0,0,482,0,0,0,153,4,0,0,328,4
Keeley,Ms Barbara,151260,133804,17456,23077,0,28884,70686,652,2092,1012,0,7401,1706,10376,426,779,0,0,0,0,3546,24,0,0,623,22
Osborne,Mr George,151015,135918,15097,22994,0,18729,78767,639,3517,1307,0,9965,1778,6169,729,167,0,468,0,0,2968,21,1271,21,1547,10
McAvoy,Rt Hon Thomas,150976,135693,15283,22150,0,17167,86913,191,425,841,0,8006,2670,2037,10282,0,0,0,0,0,294,2,0,0,0,0
Murphy,Rt Hon Paul,150923,143987,6936,20536,0,17774,93617,472,827,1328,0,9433,3640,1224,0,0,0,0,0,0,0,0,0,0,2072,24
Rogerson,Dan,150809,138128,12681,22931,0,13432,87905,754,2055,966,305,9780,3448,6817,0,634,0,49,0,0,475,4,0,0,1258,16
Kidney,Mr David,150722,144475,6247,19680,0,21442,89082,1796,3774,1220,0,7481,0,5105,0,0,0,0,0,0,202,4,0,0,940,22
Irranca-Davies,Huw,150708,144561,6147,19434,0,21637,91779,1260,4500,1335,0,4616,4023,1552,0,0,0,0,0,0,315,6,109,6,148,4
Primarolo,Rt Hon Dawn,150616,144647,5969,23083,0,18050,90500,581,1511,1192,0,9730,860,4455,0,0,0,0,0,0,0,0,0,0,654,10
Bryant,Chris,150401,138173,12228,23083,0,15193,88356,467,990,1204,0,8880,3082,5242,0,1,0,102,0,1951,0,0,0,0,1850,22
Atkinson,Mr Peter,150370,136444,13926,23083,0,17811,87025,416,2119,1119,0,4871,3295,4443,2231,93,0,0,0,0,3758,29,0,0,106,1
Stuart,Mr Graham,150286,143009,7277,22410,0,23206,87418,1169,3023,1104,0,4679,1232,4062,0,21,0,23,0,1143,578,9,70,2,148,8
Todd,Mr Mark,150264,140223,10041,19023,0,13112,93906,1093,2809,1194,0,9086,4129,3989,0,349,0,0,0,0,1123,18,0,0,451,10
Coffey,Ann,150246,139976,10270,21985,0,19447,86421,1383,1915,1496,0,7329,2550,6240,0,961,0,0,0,0,308,4,0,0,211,5
Smith,Ms Angela C.,150240,139336,10904,22843,0,14575,86090,1319,3630,1138,0,9741,2828,4829,0,16,78,0,0,0,1951,27,96,2,1106,14
Mudie,Mr George,150139,136526,13613,9635,0,19648,92025,1171,3627,1238,0,9182,4591,6439,735,516,0,0,0,0,667,4,0,0,665,4
Grayling,Chris,150028,139923,10105,15332,0,22143,89699,927,1220,1163,0,9439,1499,2216,0,469,1209,4307,0,0,225,30,0,0,180,24
Howarth,Mr Gerald,150017,145046,4971,23083,0,15994,88011,286,864,1141,0,15667,3108,238,0,0,418,464,0,383,360,8,0,0,0,0
Lilley,Rt Hon Peter,149987,146932,3055,23083,0,17520,94322,1695,5239,1396,0,3677,2335,333,0,10,12,130,0,0,69,7,0,0,166,18
Howarth,Rt Hon George,149809,134429,15380,13896,0,15094,92979,679,1688,1459,0,8634,2216,11740,386,0,48,0,0,0,990,10,0,0,0,0
Price,Adam,149664,138870,10794,22788,0,19065,90773,283,510,1440,0,4011,4619,4626,0,45,0,0,0,0,0,0,0,0,1504,24
Engel,Mrs Natascha,149621,142779,6842,20267,0,16923,90183,793,2124,966,0,11523,4825,1092,0,0,0,9,0,0,372,12,0,0,544,14
Willott,Jenny,149594,143776,5818,23083,0,19903,88328,521,1405,1269,0,9267,1992,2532,0,406,0,0,0,0,0,0,0,0,888,18
Holloway,Mr Adam,149535,146933,2602,22587,0,13598,85166,957,2553,1009,0,21063,2306,45,0,15,236,0,0,0,0,0,0,0,0,0
Michael,Rt Hon Alun,149518,138871,10647,23083,0,15828,86400,591,1248,1891,0,9830,4087,4763,0,0,0,326,0,0,927,16,0,0,544,8
Clappison,Mr James,149498,140180,9318,15916,0,13908,96998,828,2248,1178,0,9104,1445,6456,284,0,0,0,0,0,877,27,256,18,0,0
Penning,Mike,149487,143827,5660,23083,0,21572,83479,1525,4557,1199,0,8412,5088,88,0,63,120,301,0,0,0,0,0,0,0,0
Garnier,Mr Edward,149484,139646,9838,23080,0,15648,91243,399,1963,1008,0,6305,6931,783,0,102,138,275,0,781,615,18,213,11,0,0
Djanogly,Mr Jonathan,149397,143758,5639,19736,0,16512,87925,801,3574,1249,5048,8913,3130,2260,0,0,0,0,0,0,10,0,10,1,229,10
Durkan,Mark,149364,136826,12538,20796,0,21882,85326,237,545,1199,0,6841,1721,707,8125,62,0,0,0,0,661,2,601,4,661,4
Lucas,Ian,149321,137011,12310,23083,0,21261,83671,705,1795,1219,0,5277,1206,9355,282,353,0,289,0,0,598,4,227,8,0,0
Foster,Michael Jabez,149318,144864,4454,14990,0,28852,82992,1962,4760,1308,0,10000,3084,802,0,193,0,12,0,0,97,14,0,0,266,10
Hemming,John,149288,145243,4045,21375,0,29031,82588,871,3768,1297,0,6313,1415,1737,0,0,0,0,0,0,667,16,226,6,0,0
Hunter,Mark,149081,141826,7255,19789,0,18445,90316,1410,3422,1048,0,7396,1159,5524,0,0,0,17,0,0,199,5,136,5,220,7
David,Mr Wayne,149036,137844,11192,22700,0,13171,97670,620,1886,1250,0,547,2746,6594,0,59,0,0,0,1474,0,0,0,0,319,8
Clegg,Rt Hon Nick,149026,141934,7092,23083,0,20678,90505,961,2067,937,0,3703,1780,3355,0,98,0,868,787,111,54,2,39,2,0,0
Burt,Lorely,149002,142298,6704,21398,0,20744,89154,1188,3077,1128,0,5609,3101,2422,0,0,296,214,0,0,245,12,0,0,426,18
Moss,Mr Malcolm,148970,142605,6365,23059,0,20881,89351,876,1790,1134,0,5514,4828,1114,0,62,0,0,0,0,262,5,0,0,99,2
Cameron,Rt Hon David,148829,146743,2086,19626,0,7588,103630,2594,4399,1294,5412,2200,997,89,0,0,0,0,0,0,652,25,0,0,348,20
Berry,Dr Roger,148799,141806,6993,20781,0,20940,87024,1244,2385,1275,0,8157,5095,0,0,119,0,0,0,722,358,5,0,0,699,8
Coaker,Mr Vernon,148767,139632,9135,12404,0,24011,86929,1380,3909,1196,0,9803,1735,6200,0,0,0,91,0,0,1011,16,0,0,98,6
Love,Mr Andy,148757,146216,2541,23083,0,19418,87933,1952,5046,1413,0,7371,1326,0,0,0,0,0,0,1194,0,0,0,0,21,13
Illsley,Mr Eric,148698,134991,13707,22869,0,14714,90662,227,340,956,0,5223,6285,3001,0,10,0,0,0,0,4273,30,0,0,138,2
Hoyle,Mr Lindsay,148685,133783,14902,20502,0,20782,81864,470,1290,1179,5133,2563,8203,2568,436,0,0,0,0,0,2785,30,0,0,910,10
Holmes,Paul,148542,139923,8619,19811,0,21304,88248,1375,1630,1206,0,6349,1815,6305,0,0,169,96,0,0,0,0,54,1,180,6
Smith,John,148514,139355,9159,23083,0,18453,77861,731,3277,983,0,14967,4904,3768,0,129,0,47,0,0,311,3,0,0,0,0
Duncan,Mr Alan,148448,140847,7601,23027,0,26763,82886,499,2538,1111,0,4023,5203,1486,0,0,0,600,0,0,0,0,0,0,312,3
Leech,Mr John,148434,140368,8066,12993,0,17380,94425,970,3820,1008,0,9772,4433,2622,0,164,0,0,0,441,0,0,0,0,406,12
Soames,Hon Nicholas,148424,146432,1992,21869,0,19322,89677,527,1846,1376,0,11815,1837,145,0,0,0,0,0,0,0,0,0,0,10,2
Maude,Rt Hon Francis,148402,140719,7683,23083,0,18950,87784,554,1378,1111,0,7859,1854,1971,0,254,0,3509,0,0,72,7,23,2,0,0
Hendry,Charles,148399,142412,5987,23083,0,23703,81821,718,2327,1039,0,9721,2499,772,0,341,248,1157,579,0,376,15,15,2,0,0
Davey,Mr Edward,148201,146197,2004,0,2812,26281,85362,1109,2137,1203,17603,9690,0,1784,0,0,0,0,0,220,0,0,0,0,0,0
Burt,Alistair,148172,139661,8511,22322,0,23161,84767,523,1398,1135,0,6355,3384,1568,0,0,73,990,0,1607,568,30,0,0,321,17
James,Mrs Sian C.,148151,138684,9467,21070,0,18431,90619,818,1490,1290,0,4966,0,8573,0,0,0,9,0,0,583,4,0,0,302,2
MacNeil,Mr Angus,148147,110116,38031,20228,0,16743,70096,70,770,1173,0,1036,1600,4148,28137,1384,0,0,0,1053,482,3,1018,8,209,4
Jones,Mr David,148146,136473,11673,22632,0,18588,81955,497,2011,984,0,9806,3870,5312,1294,385,56,0,0,0,560,7,0,0,196,4
Keen,Alan,147976,146408,1568,19855,0,13449,97101,1543,3549,1125,0,9786,1448,0,0,120,0,0,0,0,0,0,0,0,0,0
Crausby,Mr David,147942,138012,9930,23083,0,19137,85344,334,1190,1261,0,7663,8140,213,228,0,0,0,0,0,1349,14,0,0,0,0
Fisher,Mark,147664,139360,8304,23083,0,8211,99814,493,600,1219,0,5940,6816,1248,0,0,0,0,0,0,0,0,0,0,240,4
Gapes,Mike,147663,143829,3834,22291,0,20616,91227,572,1800,1425,0,5898,2402,1387,0,12,6,27,0,0,0,0,0,0,0,0
Blunkett,Rt Hon David,147572,144517,3055,23083,0,17624,87928,1071,3183,1309,0,10319,1098,1808,0,0,0,149,0,0,0,0,0,0,0,0
Hewitt,Rt Hon Patricia,147537,144033,3504,12470,0,25612,86185,1914,5084,1437,2022,9309,0,3136,0,0,0,0,0,0,104,2,0,0,264,6
McKechin,Ann,147535,132371,15164,13015,0,17612,83778,1278,5657,1270,0,9761,422,2467,9765,1312,0,0,0,0,0,0,0,0,1198,8
Bacon,Mr Richard,147498,139762,7736,20888,0,21477,90163,641,2500,1055,0,3038,4843,1506,0,0,0,0,0,0,636,12,0,0,751,22
Ward,Claire,147200,144749,2451,23083,0,15796,94755,663,1130,1335,0,7987,2451,0,0,0,0,0,0,0,0,0,0,0,0,0
Prisk,Mr Mark,147195,142020,5175,20733,0,18120,92176,433,1645,1156,103,7654,2678,30,0,0,1130,758,0,465,0,0,0,0,114,14
Kirkbride,Miss Julie,147165,137626,9539,23083,0,21274,81598,1360,4375,1187,0,4749,5813,653,0,0,0,0,58,1239,1392,0,0,0,384,8
Baldry,Tony,147144,141993,5151,23083,0,11124,87509,784,2205,1159,0,16129,4261,36,0,0,0,0,0,699,155,10,0,0,0,0
O'Hara,Mr Edward,147024,135878,11146,20711,0,20914,90741,220,1151,1127,0,1014,6293,4335,0,340,0,0,178,0,0,0,0,0,0,0
Browne,Rt Hon Des,146941,136537,10404,17691,0,17422,87337,821,2204,1262,5303,4497,0,1376,8168,0,0,0,0,0,721,4,0,0,139,2
Heath,Mr David,146813,139276,7537,23002,0,20429,84508,907,2260,1265,0,6905,5744,615,0,8,0,0,0,0,603,7,0,0,567,15
Miller,Andrew,146802,129597,17205,17817,0,16407,84011,934,2993,1340,0,6095,2391,11243,0,0,0,387,0,1361,818,6,0,0,1005,8
Martlew,Mr Eric,146799,134324,12475,21632,0,19152,85106,677,1027,1258,0,5472,3606,8113,0,92,0,0,0,0,664,7,0,0,0,0
Main,Anne,146769,142030,4739,22091,0,13246,87133,740,3318,1298,0,14204,1171,3544,0,0,0,0,0,0,0,0,0,0,24,1
Walley,Joan,146719,134210,12509,12017,0,17926,88699,862,3814,1203,0,9689,932,10517,0,96,0,0,0,0,452,4,0,0,512,5
Keeble,Ms Sally,146712,140742,5970,18646,0,15536,85357,1303,2305,1129,0,16466,3393,2230,0,0,77,16,0,0,25,2,162,9,67,3
Tapsell,Sir Peter,146681,140354,6327,23083,0,10100,100790,407,2584,1105,0,2285,1380,3748,0,0,0,0,0,0,1199,21,0,0,0,0
Hosie,Stewart,146658,128839,17819,19367,0,18876,77501,1085,785,1128,0,10097,1598,1438,12038,0,0,0,0,0,236,2,195,2,2314,17
Ainger,Nick,146530,139566,6964,15385,0,11863,98205,589,1760,1167,0,10597,5413,1245,0,254,0,0,0,0,0,0,0,0,52,1
Morgan,Julie,146501,136443,10058,9754,0,17336,94508,901,3043,1319,0,9582,1182,7388,0,104,0,0,0,0,0,0,0,0,1384,24
Challen,Colin,146363,129239,17124,11412,0,12843,97437,1020,3063,1275,0,2189,1030,10775,0,846,0,173,0,1114,0,4,0,0,3186,24
McCabe,Stephen,146360,135954,10406,17109,0,23103,84464,1351,1945,1566,0,6416,874,8214,0,0,0,311,0,0,0,0,0,0,1007,8
Arbuthnot,Rt Hon James,146192,141026,5166,23083,0,17170,84145,568,1838,1430,0,12792,2958,1156,0,165,0,255,0,0,327,12,232,27,73,6
Williams,Mrs Betty,146087,130816,15271,13989,0,9919,98588,613,5938,1296,0,473,4218,7322,0,24,0,138,0,0,0,0,0,0,3569,32
Sutcliffe,Mr Gerry,146023,128047,17976,11640,0,19854,89101,419,615,1415,0,5003,2316,12981,171,102,0,91,0,0,635,6,0,0,1680,14
Cairns,David,145976,135151,10825,23075,0,24946,74909,903,2760,1154,0,7404,968,953,8748,156,0,0,0,0,0,0,0,0,0,0
Loughton,Tim,145975,137661,8314,23083,0,17618,92413,556,1084,1148,0,1759,4037,3591,0,126,258,0,0,0,262,15,19,4,21,2
Hutton,Rt Hon John,145948,133452,12496,22980,0,18736,87082,876,1837,1207,0,734,5101,6418,0,0,0,0,0,0,810,5,0,0,167,4
McIsaac,Shona,145794,138330,7464,15404,0,7749,91091,779,1915,1219,5190,14983,5577,366,0,0,0,0,0,0,1521,17,0,0,0,0
Truswell,Mr Paul,145773,134806,10967,15861,0,15187,90299,1733,5165,1387,0,5174,1899,8928,0,91,0,0,0,0,0,0,0,0,49,2
Goodman,Helen,145716,124320,21396,23083,0,11902,73721,506,3453,970,0,10685,1410,16617,0,333,0,0,0,0,1483,39,753,56,800,9
Brady,Mr Graham,145627,129895,15732,23083,0,16287,86685,664,2351,825,0,0,5392,765,2889,2,0,0,0,722,3039,26,2923,47,0,0
Williams,Stephen,145585,139393,6192,20721,0,19280,89769,460,805,1159,0,7199,0,4528,0,0,92,52,0,1041,0,2,0,0,479,11
Heppell,Mr John,145538,138901,6637,23083,0,21313,81306,1249,5750,1337,0,4863,1891,4276,0,21,0,0,0,0,449,6,0,0,0,0
Williams,Mark,145483,133245,12238,19787,0,13220,87293,588,1442,1290,0,9625,4466,7116,0,90,0,0,0,0,0,0,0,0,566,17
Goodwill,Mr Robert,145387,134990,10397,22897,0,15724,88496,346,1965,1050,0,4512,4152,4120,0,66,872,162,0,0,650,17,180,18,195,14
Morley,Rt Hon Elliot,145373,133938,11435,19140,0,18302,87457,465,1345,1216,0,6013,2441,7817,0,0,0,26,0,993,0,0,0,0,158,2
Ottaway,Richard,145373,142458,2915,21481,0,15484,87151,767,1785,1257,0,14533,2132,0,0,0,71,0,0,448,264,30,0,0,0,0
Cox,Mr Geoffrey,145360,131894,13466,20250,0,20898,81135,567,1523,1238,0,6283,3396,8885,0,0,0,0,0,0,1120,10,65,1,0,0
Austin,John,145285,143591,1694,23083,0,14363,96202,937,2454,1066,0,5486,1658,18,0,18,0,0,0,0,0,0,0,0,0,0
Hague,Rt Hon William,145123,132182,12941,21376,0,15726,88468,981,4061,1234,0,336,4969,2626,981,0,0,0,0,0,4164,28,0,0,201,4
Wood,Mike,144984,139380,5604,17976,0,11129,100135,1007,3410,1164,1678,2881,4869,293,0,0,0,0,0,0,0,0,0,0,442,4
Cruddas,Jon,144961,141367,3594,23071,0,13067,82371,2146,4830,1118,5295,9469,3176,0,0,0,0,0,0,418,0,0,0,0,0,0
Tami,Mark,144749,134460,10289,23079,0,20656,80206,658,2724,1401,0,5736,8538,762,0,0,0,0,0,0,989,10,0,0,0,0
Whitehead,Dr Alan,144689,139886,4803,14190,0,18207,90627,1768,3186,1399,0,10509,1118,2911,0,0,0,63,0,612,0,0,0,0,99,7
Hoban,Mr Mark,144636,137243,7393,21280,0,15979,85250,1010,3799,1139,0,8786,4145,315,0,0,0,910,0,422,1543,29,0,0,58,4
Waltho,Lynda,144615,136409,8206,16625,0,19616,83925,1514,5466,1037,0,8226,2712,4174,0,0,0,0,0,0,403,10,295,8,622,14
McCarthy-Fry,Sarah,144498,137889,6609,16792,0,18240,87669,1368,3337,1005,0,9478,1340,4465,0,0,0,144,0,0,482,10,0,0,178,8
Russell,Bob,144373,138217,6156,10963,0,20737,91105,1030,3032,1350,0,10000,2309,2209,0,0,330,445,0,0,156,6,0,0,707,21
O'Brien,Mr Mike,144360,135865,8495,8963,0,24234,87545,505,2031,1255,1269,10063,2134,5815,0,0,42,0,0,0,277,13,227,23,0,0
Munn,Meg,144356,133125,11231,23083,0,14631,81047,1308,5565,1180,0,6311,2309,6285,0,91,0,0,0,0,2052,24,0,0,494,5
Rammell,Bill,144340,142866,1474,12928,0,21410,90333,1785,5102,1338,0,9970,1080,244,0,0,0,0,0,0,0,0,0,0,150,24
Thurso,John,144323,111189,33134,21448,0,5093,74874,553,2336,1287,0,5598,5121,3595,15681,0,0,0,0,740,4486,22,1951,12,1560,11
Goggins,Paul,144292,136263,8029,20824,0,29032,77553,1081,2524,1077,0,4172,1680,5153,0,99,0,0,0,0,674,4,0,0,423,7
Llwyd,Mr Elfyn,144266,127208,17058,14396,0,29976,77235,450,1830,1123,0,2198,4854,10713,134,0,0,0,0,0,380,4,0,0,977,9
Purchase,Mr Ken,144250,136641,7609,14713,0,20752,90446,332,1030,1294,0,8074,4939,438,0,312,0,0,0,445,1475,25,0,0,0,0
Turner,Dr Desmond,144164,138357,5807,12321,0,20590,88154,1494,4080,1484,0,10234,4060,0,0,38,52,0,305,1247,105,10,0,0,0,0
Cooper,Rosie,144129,131263,12866,23083,0,18580,72096,1779,4848,1131,0,9746,1879,9704,0,0,0,0,0,1283,0,0,0,0,0,0
Gardiner,Barry,144092,139591,4501,15079,0,11946,93888,1799,4959,1333,0,10587,3293,659,0,0,0,0,0,549,0,0,0,0,0,0
Vaizey,Mr Edward,144088,137130,6958,23083,0,16969,82436,465,1577,974,4032,7594,4294,623,0,48,0,1681,0,0,85,3,0,0,227,6
Cousins,Jim,144066,129612,14454,9649,0,17111,93902,982,2737,1174,0,4057,2322,5957,3967,100,0,0,0,0,685,9,0,0,1423,12
Clwyd,Rt Hon Ann,143919,136104,7815,21165,0,14577,89847,836,4374,1007,0,4298,7013,413,0,0,0,0,0,0,0,0,0,0,389,11
Penrose,John,143700,138853,4847,21211,0,23624,79996,866,2682,1234,0,9240,1480,2969,0,13,0,0,0,0,106,6,0,0,279,9
Weir,Mr Mike,143525,126425,17100,21561,0,18534,75334,268,595,1458,0,8675,2386,3283,8538,40,0,58,0,691,807,8,583,8,714,3
Clark,Paul,143402,139750,3652,22204,0,19901,84890,1228,3414,1250,0,6863,3441,211,0,0,0,0,0,0,0,0,0,0,0,0
Singh,Mr Marsha,143353,130341,13012,22964,0,26026,69619,712,2018,1226,0,7776,0,4708,5812,0,0,0,0,0,1612,13,282,4,598,3
Watson,Mr Tom,143248,135352,7896,16069,0,19927,82801,1709,5280,1257,0,8309,1261,5450,0,0,0,0,0,0,646,11,0,0,539,6
Binley,Mr Brian,143106,137305,5801,21700,0,13809,82725,894,1808,1037,0,15332,782,1113,0,0,0,62,0,3732,112,8,0,0,0,0
Mallaber,Judy,143078,137222,5856,6854,0,10388,101456,1008,4380,1536,1600,10000,4621,410,0,0,0,0,0,529,0,0,0,0,296,11
Tredinnick,David,143039,136766,6273,23083,0,17363,94398,288,491,1143,0,0,5970,68,0,0,0,0,0,0,0,0,0,0,235,6
Davies,Mr Quentin,142857,131562,11295,23083,0,3941,97137,278,789,1157,5177,0,3816,3551,0,0,0,89,0,1171,1683,30,0,0,985,22
Wright,Mr Iain,142848,127585,15263,17882,0,20221,84844,884,1794,1316,0,644,3796,10719,0,0,0,0,0,0,0,0,0,0,748,12
Villiers,Mrs Theresa,142696,139981,2715,18181,0,21096,84892,1904,4965,1385,0,7558,1261,33,0,118,82,1221,0,0,0,0,0,0,0,0
Creagh,Mary,142644,135030,7614,23083,0,14452,82651,1016,3529,1138,0,9161,470,4457,0,102,0,131,0,0,1741,22,403,10,310,9
Moffatt,Laura,142591,137920,4671,18387,0,20702,84751,1547,5206,1327,0,6000,1790,2020,0,573,0,0,0,0,288,21,0,0,0,0
Hancock,Mr Mike,142347,134940,7407,10859,0,21251,85508,1758,4947,1259,0,9358,5536,0,0,791,0,0,0,0,1080,30,0,0,0,0
McLoughlin,Rt Hon Patrick,142343,131773,10570,22968,0,14620,80818,654,1020,1431,0,10262,4146,5418,0,310,0,0,0,0,588,8,0,0,108,2
Jenkin,Mr Bernard,142265,137809,4456,23083,0,21066,88724,398,1160,1156,0,2222,2918,505,0,62,116,0,0,0,418,30,80,10,357,24
Owen,Albert,142138,123373,18765,22519,0,17215,76318,626,1380,1213,0,4102,1254,10977,0,0,0,223,0,0,5213,30,0,0,1098,14
Davis,Rt Hon David,141963,131075,10888,17643,0,19258,88036,462,1489,1316,0,2871,993,8369,0,57,0,970,405,0,0,0,0,0,94,2
Francois,Mr Mark,141792,134658,7134,20689,0,11739,88842,1044,3215,1490,0,7639,640,5319,0,0,0,40,0,1135,0,0,0,0,0,0
Viggers,Sir Peter,141766,132665,9101,23083,0,20703,71754,278,977,1213,0,14657,5139,404,0,6,0,0,0,2333,1020,30,0,0,199,4
Heyes,David,141756,130689,11067,22861,0,19911,81934,260,283,1222,0,4218,5668,3766,0,24,0,0,0,0,902,14,0,0,707,10
Prescott,Rt Hon John,141644,126203,15441,23083,0,10920,88563,674,1712,1251,0,0,2464,9718,0,0,0,0,0,0,2031,20,0,0,1228,12
Williams,Mr Roger,141625,130418,11207,20486,0,13894,82167,664,2464,1123,0,9620,6659,3304,0,316,81,52,0,0,644,7,0,0,151,6
Bradshaw,Mr Ben,141595,138143,3452,19715,0,17117,84890,1446,4592,827,0,9556,0,3117,0,0,0,0,0,0,159,2,0,0,176,6
Meacher,Rt Hon Michael,141575,131253,10322,8944,0,21961,89882,1076,3671,1297,0,4422,0,9260,0,0,0,0,0,0,866,5,0,0,196,2
Johnson,Mr Boris,141287,139948,1339,23083,0,14319,94240,513,1057,1222,0,5514,0,0,0,0,0,589,750,0,0,0,0,0,0,0
Stunell,Andrew,141206,136157,5049,15383,0,12464,90732,539,1895,1283,0,13861,679,2829,0,0,0,171,0,0,743,20,0,0,627,18
Smith,Angela E.,141131,138660,2471,14618,0,18516,88849,1653,4152,1267,0,9605,2219,0,0,0,0,0,0,0,101,12,0,0,151,18
Naysmith,Dr Doug,141111,133227,7884,20808,0,18085,85325,461,2216,1168,0,5164,2137,5459,0,0,0,0,0,0,0,0,0,0,288,8
Herbert,Mr Nick,141036,135513,5523,22720,0,18419,90034,648,2330,1039,0,323,4019,475,0,0,0,573,437,0,0,0,0,0,19,2
Spink,Bob,140987,135016,5971,23083,0,13356,82472,1005,4845,1148,0,9107,4794,41,0,162,0,24,0,896,0,0,0,0,54,9
Flynn,Paul,140961,132865,8096,16958,0,13913,92902,202,510,1209,0,7171,3999,2780,0,0,0,58,0,344,592,4,0,0,323,5
Green,Damian,140946,135413,5533,22350,0,10512,84955,275,694,1111,7980,7536,3446,311,0,0,0,622,0,1154,0,0,0,0,0,0
Gilroy,Linda,140900,133091,7809,20283,0,14057,85836,921,3456,1350,0,7188,4868,2449,124,0,0,0,0,0,79,3,0,0,289,4
Mates,Rt Hon Michael,140805,135601,5204,23077,0,17471,83615,281,1388,1123,0,8646,3653,320,0,0,0,0,0,0,684,30,0,0,547,24
Eagle,Angela,140753,131051,9702,7045,0,19116,89492,1062,1534,1204,2028,9570,2045,7144,0,0,0,0,0,0,0,0,0,0,513,6
Blunt,Mr Crispin,140663,137540,3123,23083,0,19347,90703,670,2434,1303,0,0,2446,613,0,11,0,0,0,0,21,1,0,0,32,4
Brown,Lyn,140537,140284,253,15889,0,20358,93109,1858,4891,924,0,3255,137,0,0,0,0,116,0,0,0,0,0,0,0,0
Hendrick,Mr Mark,140443,124900,15543,16226,0,19528,77544,477,360,1296,0,9469,4164,9986,540,154,0,0,0,0,0,0,0,0,699,4
Bellingham,Mr Henry,140359,133569,6790,22350,0,14424,85576,1257,4735,1378,0,3849,4338,866,0,0,0,0,0,266,1320,30,0,0,0,0
Jones,Lynne,139982,134442,5540,13528,0,11538,100254,1054,1609,1354,2967,2138,4394,201,0,102,0,0,0,0,843,9,0,0,0,0
Paisley,Rt Hon Dr Ian,139565,131897,7668,18136,0,26084,85760,305,1612,0,0,0,0,0,7668,0,0,0,0,0,0,0,0,0,0,0
Gray,Mr James,139528,131894,7634,23083,0,15192,79509,752,2806,1184,0,9368,1849,4923,0,0,0,0,0,0,0,1,862,25,0,0
Salmond,Rt Hon Alex,139233,133063,6170,14130,0,19808,89809,1071,4768,1255,0,2222,958,0,2396,0,0,0,0,0,294,2,0,0,2522,17
Short,Rt Hon Clare,139210,128453,10757,14420,0,4108,105802,670,2231,1222,0,0,3412,6973,0,0,0,279,0,0,0,0,0,0,93,4
Huhne,Chris,139185,128849,10336,3970,0,20641,90637,971,1570,1103,0,9957,2530,5995,0,0,0,602,309,748,0,0,0,0,152,8
Follett,Barbara,139147,138775,372,22254,0,19907,91715,362,3047,1490,0,0,372,0,0,0,0,0,0,0,0,0,0,0,0,0
Spring,Mr Richard,139024,133520,5504,23083,0,16805,77375,1016,2801,1427,0,11013,5340,126,0,0,0,0,0,0,0,0,0,0,38,3
Luff,Peter,139015,132925,6090,19694,0,20994,83194,1134,1790,1335,0,4784,4853,364,0,110,0,0,0,0,617,12,0,0,146,7
Syms,Mr Robert,138917,133133,5784,23083,0,18630,81739,0,0,922,0,8759,5784,0,0,0,0,0,0,0,0,0,0,0,0,0
Southworth,Helen,138699,128476,10223,17643,0,17630,85361,483,1787,293,0,5279,1460,8235,367,0,0,0,0,0,0,2,0,0,161,6
Selous,Andrew,138628,133390,5238,23074,0,7372,89000,1148,5731,1237,0,5828,1416,2557,0,699,0,0,0,566,0,0,0,0,0,0
Ainsworth,Mr Peter,138415,132573,5842,12363,0,14168,94230,632,1753,1183,0,8244,2657,930,0,0,0,2171,0,0,11,2,0,0,73,18
Breed,Mr Colin,138371,126028,12343,17807,0,19113,74860,627,2025,1288,0,10308,5114,6645,82,0,0,0,0,0,335,1,0,0,167,2
Trickett,Jon,138359,125408,12951,6141,0,22531,83900,1508,4078,1346,0,5904,4065,4782,831,0,0,0,315,0,1510,22,0,0,1448,20
Gildernew,Michelle,138272,134672,3600,21000,0,21158,90506,111,519,1378,0,0,1576,0,352,0,0,0,0,0,358,4,0,0,1314,8
Newmark,Mr Brooks,138270,136292,1978,20000,0,8618,98107,267,816,1082,0,7402,979,999,0,0,0,0,0,0,0,0,0,0,0,0
Knight,Rt Hon Greg,138158,127000,11158,18305,0,11486,89029,861,4530,1247,0,1542,7114,4044,0,0,0,0,0,0,0,0,0,0,0,0
Clifton-Brown,Mr Geoffrey,138082,134671,3411,23083,0,21402,82859,496,1447,1365,0,4019,2893,162,0,0,0,67,222,0,0,0,0,0,67,2
Laxton,Mr Bob,138051,132320,5731,19042,0,17846,87111,778,1878,1346,0,4319,5087,482,0,0,0,0,0,0,0,0,0,0,162,2
Olner,Mr Bill,138010,125827,12183,23083,0,14075,84077,452,2037,1168,0,935,2122,6960,0,0,0,0,0,1086,1098,10,0,0,917,10
Rooney,Mr Terry,137978,123088,14890,13980,0,20791,81933,1161,2685,1265,0,1273,6290,4706,183,0,0,0,0,0,2022,14,0,0,1689,12
Pound,Stephen,137950,130837,7113,0,2812,10565,101057,1157,2685,1108,1599,9854,4251,0,0,324,0,0,0,2538,0,0,0,0,0,0
Adams,Mr Gerry,137943,134314,3629,21131,0,21273,90278,85,218,1329,0,0,0,0,1506,0,0,0,0,0,0,0,0,0,2123,10
Amess,Mr David,137748,129954,7794,23063,0,19777,79624,782,2595,1293,0,2820,4589,926,0,263,0,0,0,1705,61,5,15,2,235,24
Turner,Mr Andrew,137641,128795,8846,19953,0,14564,82453,1110,2523,1413,0,6779,3667,273,0,3930,0,0,0,0,0,0,0,0,976,0
Armstrong,Rt Hon Hilary,137636,117522,20114,11712,0,18621,75592,719,1418,1275,602,7583,2195,12251,1247,298,0,278,0,0,3703,24,0,0,142,2
Cash,Mr William,137579,124981,12598,22312,0,12114,79792,127,255,509,0,9872,5141,4536,0,25,0,0,0,0,1736,28,0,0,1160,24
Ladyman,Dr Stephen,137559,131316,6243,22793,0,20444,72207,1279,2469,1417,0,10707,5138,1105,0,0,0,0,0,0,0,0,0,0,0,0
Dismore,Mr Andrew,137445,133801,3644,3815,0,21377,90457,752,6205,1265,0,9930,2144,0,0,81,0,0,0,1419,0,0,0,0,0,0
Cormack,Sir Patrick,137417,132188,5229,22972,0,22350,79344,1100,5572,850,0,0,4749,160,0,0,0,0,0,0,320,2,0,0,0,0
Hoon,Rt Hon Geoff,137405,128348,9057,23083,0,18263,65379,318,1414,1240,0,18651,3708,4521,0,0,0,20,0,0,465,5,0,0,343,6
Jackson,Mr Stewart,137346,128829,8517,23083,0,22621,68081,668,2485,1071,0,10820,5045,2405,0,0,0,0,0,0,992,20,0,0,75,2
Gale,Mr Roger,137337,131760,5577,9375,0,22100,89088,1931,4835,915,0,3516,4604,519,0,33,271,64,0,0,0,0,0,0,86,4
Mole,Chris,137303,132960,4343,17973,0,15953,86202,1335,5255,1163,0,5079,0,3645,0,0,0,0,0,0,350,8,226,10,122,6
Beckett,Rt Hon Margaret,137206,137006,200,16974,0,8066,107458,915,2382,686,0,525,0,150,0,0,0,0,0,0,0,0,0,0,50,2
Slaughter,Mr Andrew,137153,133746,3407,0,5524,26347,84020,985,6001,970,0,9899,1482,1106,0,819,0,0,0,0,0,0,0,0,0,0
Chope,Mr Christopher,136992,130559,6433,22792,0,23208,81998,371,1289,901,0,0,4875,643,0,355,0,0,0,0,0,0,0,0,560,0
Prentice,Mr Gordon,136847,129292,7555,20313,0,15480,85966,953,3381,850,0,2349,3428,2038,1742,300,47,0,0,0,0,0,0,0,0,0
Heathcoat-Amory,Rt Hon David,136839,129334,7505,20930,0,15779,83029,1054,2780,734,0,5028,5086,1386,0,0,0,0,0,189,844,19,0,0,0,0
Tyrie,Mr Andrew,136832,132305,4527,23083,0,9234,93926,1268,3398,1396,0,0,4402,125,0,0,0,0,0,0,0,0,0,0,0,0
Jackson,Glenda,136793,136793,0,0,2812,12054,99554,970,2590,1052,12740,5021,0,0,0,0,0,0,0,0,0,0,0,0,0,0
Doherty,Mr Pat,136423,131508,4915,21000,0,21293,87083,210,622,1300,0,0,2916,0,1213,0,0,0,0,0,786,4,0,0,0,0
Galloway,Mr George,136390,136390,0,0,1978,17721,94005,47,485,1058,11096,10000,0,0,0,0,0,0,0,0,0,0,0,0,0,0
Gibson,Dr Ian,136241,133274,2967,16216,0,10754,98119,796,2271,1023,0,4095,1440,1371,0,0,0,0,0,0,0,0,0,0,156,8
Mackay,Rt Hon Andrew,136239,128869,7370,22575,0,19303,75193,729,2188,1060,0,7821,5104,0,0,0,0,0,87,1771,408,30,0,0,0,0
McGuinness,Mr Martin,136236,132445,3791,21000,0,21231,89087,0,0,1127,0,0,1530,0,955,0,0,0,0,0,0,0,0,0,1306,14
Thomas,Mr Gareth,136231,135563,668,11748,0,18396,90737,752,2640,1298,0,9992,668,0,0,0,0,0,0,0,0,0,0,0,0,0
Campbell,Mr Gregory,136213,111594,24619,23083,0,5421,80112,291,1325,1362,0,0,6057,2174,13906,0,0,0,0,1238,1244,6,0,0,0,0
Winterton,Rt Hon Rosie,136199,128759,7440,21631,0,10539,85780,1486,5461,1034,0,2828,1988,5118,0,0,0,0,0,0,0,0,0,0,334,4
Murrison,Dr Andrew,136035,128464,7571,20401,0,15755,83421,838,3463,1199,0,3387,2613,4527,0,81,111,92,0,0,22,2,39,6,86,2
Lait,Mrs Jacqui,135916,128892,7024,15478,0,18226,82505,764,3853,1208,0,6858,6836,101,0,0,87,0,0,0,0,0,0,0,0,0
Pickles,Mr Eric,135829,131327,4502,13689,0,16579,88892,496,581,1146,0,9944,2451,1189,0,0,0,862,0,0,0,0,0,0,0,0
Ancram,"Earl of, Rt Hon Michael",135695,126661,9034,15756,0,10984,95089,534,1773,1192,0,1333,390,4602,1735,0,0,0,0,0,2307,22,0,0,0,0
Wright,Jeremy,135604,129835,5769,20409,0,17217,80427,859,1554,1163,0,8206,2251,3239,0,10,0,0,0,0,116,2,0,0,153,8
Field,Rt Hon Frank,135595,126359,9236,9573,0,8242,98711,567,1389,1214,0,6663,1061,5478,0,0,0,2335,0,0,0,0,0,0,362,4
Burns,Mr Simon,135537,130606,4931,18908,0,18088,80478,661,3110,1265,0,8096,4036,265,0,270,202,0,0,0,0,0,110,11,48,6
Lepper,David,135533,133840,1693,11175,0,19265,90376,1185,5813,908,0,5118,348,926,0,0,0,0,0,0,300,25,0,0,119,12
MacKinlay,Andrew,135474,131937,3537,15761,0,17162,92054,708,2448,1344,0,2460,3216,110,0,0,0,72,0,0,0,0,0,0,139,22
Kemp,Mr Fraser,135438,125674,9764,23075,0,20508,77174,559,2611,959,0,788,6885,2260,0,0,0,0,0,0,0,0,0,0,619,5
McDonnell,John,135180,131373,3807,0,2812,21150,90505,1878,4990,1281,0,8757,2343,12,0,0,533,809,110,0,0,0,0,0,0,0
Miliband,Rt Hon David,134993,130109,4884,17387,0,14961,83809,423,1893,1248,0,10388,440,2467,623,0,0,0,0,0,0,0,0,0,1354,12
Mactaggart,Fiona,134940,132289,2651,3392,0,11992,99820,1132,4728,1194,0,10031,1188,554,0,0,0,102,0,749,0,0,0,0,58,9
Brazier,Mr Julian,134800,129279,5521,15071,0,10913,95117,829,3450,1059,0,2840,3081,207,0,6,1023,0,0,0,397,30,550,50,257,21
Vara,Mr Shailesh,134585,128009,6576,22839,0,10075,90711,1133,1235,917,0,1099,4860,729,0,0,0,63,0,0,924,4,0,0,0,0
Laing,Mrs Eleanor,134583,133805,778,23082,0,21032,83456,280,1184,1199,0,3572,778,0,0,0,0,0,0,0,0,0,0,0,0,0
Ainsworth,Rt Hon Bob,134515,130817,3698,23083,0,19724,79747,426,978,1312,0,5547,605,2282,0,0,0,0,0,0,459,6,0,0,352,4
McNulty,Rt Hon Tony,134402,134402,0,12600,0,17892,90709,763,2243,981,0,9214,0,0,0,0,0,0,0,0,0,0,0,0,0,0
Jack,Rt Hon Michael,134316,122476,11840,22000,0,10873,82621,751,4858,1181,0,192,2808,8207,0,0,0,59,0,0,326,11,0,0,440,10
Barlow,Ms Celia,134309,126373,7936,0,0,22664,86070,692,2767,1071,0,13109,1161,4553,0,1394,0,27,0,249,397,12,101,8,54,5
McDonagh,Siobhain,134302,132508,1794,0,2812,9487,92408,1378,5285,1429,0,19709,1794,0,0,0,0,0,0,0,0,0,0,0,0,0
Hamilton,Mr David,134300,118899,15401,17784,0,16114,78550,18,190,1350,0,4893,2829,1576,9824,104,0,102,0,0,18,0,0,0,948,8
Khan,Mr Sadiq,134211,132621,1590,0,2812,24666,86316,1918,5010,1166,0,10733,1484,80,0,26,0,0,0,0,0,0,0,0,0,0
Dunne,Mr Philip,134183,128102,6081,0,0,20547,90297,1380,4417,1149,0,10312,0,3707,0,0,0,0,0,0,2012,28,232,6,130,2
Alexander,Rt Hon Douglas,134127,116182,17945,17169,0,17335,66668,2141,4619,1396,0,6854,264,5400,4693,0,0,0,0,0,4082,28,3153,23,353,2
Prosser,Gwyn,134083,129456,4627,14611,0,20035,85218,778,1931,1308,0,5575,4042,167,0,0,0,0,0,0,418,15,0,0,0,0
Hermon,Lady Sylvia,134004,125072,8932,16999,0,12309,92017,362,2634,685,0,66,0,437,7573,0,0,0,0,0,0,0,0,0,922,4
Bell,Sir Stuart,133933,112748,21185,22934,0,5086,77127,238,835,1061,0,5467,5555,10214,0,0,0,0,0,843,4095,26,0,0,478,4
Reid,Mr Alan,133927,118257,15670,15489,0,17536,68598,591,990,1363,0,13690,2501,2241,9397,1531,0,0,0,0,0,0,0,0,0,0
Jones,Mr Martyn,133729,125502,8227,23083,0,21712,67956,615,1973,1346,0,8817,7009,430,0,0,0,0,428,360,0,0,0,0,0,0
Pugh,Dr John,133355,128619,4736,23083,0,18088,77412,654,1431,1142,0,6809,872,2422,0,0,0,102,0,0,846,25,0,0,494,14
Drew,Mr David,133256,125676,7580,10479,0,14902,89330,1268,5732,1762,0,2203,2736,4405,0,0,0,0,0,0,404,9,0,0,35,2
Hodge,Rt Hon Margaret,133255,132071,1184,0,2812,24767,85976,1869,4430,1199,0,11018,1184,0,0,0,0,0,0,0,0,0,0,0,0,0
Buck,Ms Karen,133234,132157,1077,0,2812,18720,92761,2591,4405,1182,0,9686,0,1077,0,0,0,0,0,0,0,0,0,0,0,0
Lammy,Rt Hon David,133224,131739,1485,0,2812,18828,93013,1427,4475,1310,0,9874,0,1096,0,0,0,389,0,0,0,0,0,0,0,0
Howells,Dr Kim,133191,119660,13531,16013,0,5407,89853,304,1016,1212,0,5855,3724,6807,0,0,0,180,0,0,2265,21,0,0,555,22
Heal,Sylvia,133175,125444,7731,9707,0,12499,91356,1147,3275,1092,0,6368,3495,2845,0,0,0,0,0,0,882,18,0,0,509,19
Walter,Mr Robert,133170,122923,10247,22496,0,9529,79830,656,2940,1463,0,6009,5910,1651,0,1674,49,12,101,0,0,0,0,0,850,23
McIntosh,Miss Anne,133116,119821,13295,20382,0,12767,81071,710,1580,1163,0,2148,3677,3216,1580,2411,181,400,0,732,158,4,0,0,940,8
Brooke,Annette,132921,127465,5456,16285,0,19564,82177,825,3019,1216,0,4379,1440,2414,0,0,0,0,0,866,0,0,0,0,736,24
Dobbin,Jim,132884,123754,9130,9425,0,16088,95754,481,0,1309,0,697,6564,60,0,61,184,62,0,961,564,4,0,0,674,4
Marris,Rob,132513,128966,3547,11973,0,16056,89696,1311,1490,844,0,7596,836,2007,0,32,0,0,0,0,45,2,0,0,627,10
Howarth,David,132469,127832,4637,0,0,25970,89046,708,2180,1037,5043,3848,0,4348,0,0,10,0,0,0,0,0,0,0,279,24
Thornberry,Ms Emily,132390,132390,0,0,2812,21351,83106,2037,4626,1071,0,17387,0,0,0,0,0,0,0,0,0,0,0,0,0,0
Murphy,Conor,132361,129721,2640,21000,0,21293,85790,55,170,1413,0,0,1650,0,575,0,0,0,0,0,415,2,0,0,0,0
Salter,Martin,132263,124365,7898,0,0,20805,88865,1239,3041,1113,0,9302,1085,6413,0,5,173,0,0,0,0,0,0,0,222,10
Wilson,Mr Rob,132218,121633,10585,0,0,16580,89718,745,2952,1452,0,10186,1680,6960,0,1482,0,235,0,0,0,0,0,0,228,16
Curry,Rt Hon David,131899,121911,9988,9439,0,18172,90382,591,2237,1090,0,0,7090,2834,0,21,0,11,0,0,32,2,0,0,0,0
Boswell,Mr Tim,131781,127799,3982,6332,0,11653,91367,629,2924,999,0,13895,2557,310,0,13,0,0,0,1059,43,3,0,0,0,0
Clark,Greg,131754,128878,2876,23000,0,5221,94003,788,1526,1089,0,3251,690,1816,0,1,32,68,0,0,269,16,0,0,0,0
Abbott,Ms Diane,131735,129946,1789,0,2812,20178,90325,1521,3906,1351,1905,7948,1619,44,0,0,0,126,0,0,0,0,0,0,0,0
Johnson,Rt Hon Alan,131711,122952,8759,11274,0,16346,84210,1299,4055,1139,0,4629,532,7231,0,0,0,0,0,0,0,0,0,0,996,10
Marshall,Mr David,131698,115799,15899,20779,0,17032,75198,627,1170,934,0,59,4273,2224,6202,49,0,0,0,0,1502,11,0,0,1649,12
Wicks,Rt Hon Malcolm,131601,131405,196,0,2812,21003,90747,1600,4023,1304,0,9916,196,0,0,0,0,0,0,0,0,0,0,0,0,0
Dean,Mrs Janet,131574,126520,5054,17261,0,11816,83932,1216,2938,1472,0,7885,1680,3324,0,0,0,0,0,0,0,0,0,0,50,2
Jenkins,Mr Brian,131554,125435,6119,8872,0,20593,82722,1262,4484,1417,0,6085,2744,3228,0,0,0,0,0,0,147,2,0,0,0,0
Hall,Patrick,131390,130013,1377,14940,0,17836,88444,804,1483,1180,0,5326,0,940,0,0,0,0,0,0,437,30,0,0,0,0
Prentice,Bridget,131352,130565,787,0,2812,30198,80832,1087,5364,1298,0,8974,787,0,0,0,0,0,0,0,0,0,0,0,0,0
Caton,Mr Martin,131324,124727,6597,13022,0,14366,84769,258,1479,1095,0,9738,5258,1339,0,0,0,0,0,0,0,0,0,0,0,0
Maples,Mr John,131255,126858,4397,23000,0,18662,75306,634,2822,1155,0,5279,4337,0,0,0,0,0,0,0,0,0,0,0,60,4
Ruddock,Joan,131237,130766,471,0,2812,22852,88964,1179,4938,1127,0,8894,400,0,0,0,0,0,0,71,0,0,0,0,0,0
Dowd,Jim,131165,128383,2782,0,2812,22723,88998,611,2277,1261,0,9701,1607,19,0,0,0,0,0,1156,0,0,0,0,0,0
Hughes,Simon,131165,130231,934,0,2812,17500,94343,1908,4207,1136,0,8325,934,0,0,0,0,0,0,0,0,0,0,0,0,0
Lewis,Dr Julian,131141,125190,5951,21604,0,16981,83049,590,1290,1345,0,331,3014,567,0,0,214,343,323,1399,0,0,0,0,91,8
Field,Mr Mark,131071,130128,943,0,2812,13540,93805,328,1565,896,3168,14014,0,928,0,0,0,15,0,0,0,0,0,0,0,0
Linton,Martin,131070,128547,2523,0,2812,20255,86957,1177,5819,1170,0,10357,0,1163,0,600,0,0,0,760,0,0,0,0,0,0
Greenway,Mr John,130967,121767,9200,23082,0,15370,80870,147,872,1426,0,0,4381,3508,0,0,0,16,0,0,891,6,0,0,404,4
Conway,Derek,130947,125363,5584,23033,0,23011,73772,395,959,1447,0,2746,5418,141,0,0,0,25,0,0,0,0,0,0,0,0
Ellwood,Mr Tobias,130186,123131,7055,23083,0,29718,66091,240,980,1065,0,1954,599,4083,0,0,0,552,0,891,706,10,0,0,224,11
George,Rt Hon Bruce,129901,121977,7924,15940,0,12448,90450,439,1052,1389,0,259,4460,213,0,129,0,0,0,1142,1440,30,0,0,540,13
Efford,Clive,129840,127623,2217,0,2812,18393,90939,1164,1818,1195,0,11302,1366,803,0,0,0,19,0,0,6,2,0,0,23,4
Brake,Tom,129781,127192,2589,0,2812,22367,90505,-1854,5573,1261,0,6528,432,1863,0,24,0,270,0,0,0,0,0,0,0,0
Mullin,Mr Chris,129581,123897,5684,12942,0,18110,87528,430,1149,1050,1169,1519,567,4649,202,0,0,55,0,0,99,2,0,0,112,6
Purnell,Rt Hon James,129564,123195,6369,21209,0,17959,76465,499,1249,1180,0,4634,204,4282,612,264,0,0,0,0,0,0,0,0,1007,11
Miliband,Rt Hon Edward,129482,123728,5754,7670,0,19344,90048,473,870,1290,0,4033,0,4558,0,0,0,0,0,0,0,0,0,0,1196,24
Featherstone,Lynne,129431,128179,1252,0,2812,15808,94107,1021,1369,1138,0,11924,1152,100,0,0,0,0,0,0,0,0,0,0,0,0
Corbyn,Jeremy,129310,127484,1826,0,2812,17873,93971,1189,4356,1136,0,6147,0,409,0,427,145,102,127,616,0,0,0,0,0,0
Beresford,Sir Paul,129274,124220,5054,3521,0,15889,86294,228,1328,1362,0,15598,4889,165,0,0,0,0,0,0,0,0,0,0,0,0
Goodman,Mr Paul,128899,126342,2557,13831,0,10493,89477,501,1199,959,0,9882,366,1546,0,0,0,645,0,0,0,0,0,0,0,0
Young,Rt Hon Sir George,128883,122877,6006,23083,0,8665,83682,830,3788,1198,0,1631,1974,2955,0,0,0,0,0,0,764,23,0,0,313,9
Osborne,Sandra,128701,110390,18311,18816,0,18814,60432,367,1640,1229,918,8174,2644,1815,10264,1436,0,0,0,0,2152,19,0,0,0,0
Burstow,Mr Paul,128666,126125,2541,0,2812,12006,87754,1798,4963,1267,0,15525,769,1687,0,0,0,0,78,0,0,0,0,0,7,4
Hammond,Stephen,128494,124332,4162,0,2812,13787,93901,661,2456,1107,0,9608,1600,1314,0,69,62,1024,73,0,20,8,0,0,0,0
Grieve,Mr Dominic,128343,126115,2228,18668,0,21582,80741,946,2792,1386,0,0,335,1624,0,0,0,269,0,0,0,0,0,0,0,0
Watkinson,Angela,128205,126083,2122,21234,0,10238,83910,874,3076,1172,0,5579,1777,300,0,0,0,45,0,0,0,0,0,0,0,0
Hunt,Mr Jeremy,128191,121862,6329,11610,0,14191,83445,204,407,1337,0,10668,3604,289,0,28,20,1020,296,630,0,0,0,0,442,24
Robinson,Rt Hon Peter,128174,114163,14011,19864,0,15301,72870,288,1355,1349,0,3136,0,799,10249,0,0,0,0,1503,0,0,0,0,1460,16
McFadden,Rt Hon Pat,128006,120817,7189,15269,0,19841,74725,1147,3080,1138,0,5617,3208,3981,0,0,0,0,0,0,0,0,0,0,0,0
Hogg,Rt Hon Douglas,127902,119059,8843,23083,0,20981,68822,1149,3841,1183,0,0,1771,4876,0,0,0,0,0,0,2196,29,0,0,0,0
Cunningham,Tony,127825,109121,18704,16903,0,10860,77036,595,1760,1080,0,887,4097,13873,0,0,0,0,0,0,346,2,233,3,155,2
Burnham,Rt Hon Andy,127804,117000,10804,10504,0,13860,87563,683,2318,1211,0,861,0,10409,0,0,0,0,0,0,368,3,27,1,0,0
Harman,Rt Hon Harriet,127685,127332,353,0,2812,9241,99397,1876,3774,1158,0,9074,232,0,0,0,0,121,0,0,0,0,0,0,0,0
Brennan,Kevin,127600,116919,10681,23083,0,10708,72918,281,1250,1061,0,7618,1589,6866,0,0,0,0,0,0,1208,16,251,6,767,24
Butterfill,Sir John,127214,121539,5675,22877,0,10617,76218,485,1275,1004,0,9063,4606,174,0,0,0,21,0,746,128,4,0,0,0,0
Shapps,Grant,127152,120364,6788,7269,0,23118,80756,686,3019,1072,0,4444,1263,5525,0,0,0,0,0,0,0,0,0,0,0,0
Robinson,Mr Geoffrey,127063,105529,21534,0,0,9576,87806,814,2295,885,0,4153,3959,15999,160,0,0,0,0,0,46,2,0,0,1370,16
Kramer,Susan,127039,127039,0,0,2812,22733,85193,1579,4878,1065,0,8779,0,0,0,0,0,0,0,0,0,0,0,0,0,0
Burrowes,Mr David,126967,126090,877,0,2812,18076,86713,827,2660,1180,2493,11329,0,754,0,0,0,105,0,0,12,4,0,0,6,0
Bottomley,Peter,126603,120992,5611,23083,0,8748,82857,530,1877,1298,0,2599,4642,83,0,0,78,0,0,711,40,3,0,0,57,4
Hillier,Meg,126487,125559,928,0,2812,5725,90514,1661,5320,882,0,18645,0,928,0,0,0,0,0,0,0,0,0,0,0,0
Dorrell,Rt Hon Stephen,126479,120359,6120,22368,0,5638,87978,700,2540,1135,0,0,5926,41,0,0,0,0,0,0,153,5,0,0,0,0
Teather,Sarah,126426,124881,1545,0,2812,26118,83630,933,2217,1158,0,8013,240,1096,0,0,0,48,161,0,0,0,0,0,0,0
Jowell,Rt Hon Tessa,126405,125351,1054,0,2812,10518,102028,1168,2262,1158,0,5405,1006,0,0,0,48,0,0,0,0,0,0,0,0,0
Straw,Rt Hon Jack,126367,120721,5646,8039,0,29201,73059,2030,3275,1321,0,3796,0,3249,375,0,0,0,0,0,282,2,0,0,1740,16
Stringer,Graham,126260,112721,13539,20042,0,17123,70369,910,1356,1635,0,1286,5102,7294,0,356,0,0,0,0,0,2,0,2,787,8
Cable,Dr Vincent,126140,124460,1680,0,2812,21333,90422,1152,3948,1255,0,3538,1680,0,0,0,0,0,0,0,0,0,0,0,0,0
Fabricant,Michael,126074,118243,7831,23083,0,12383,73789,569,2819,521,0,5079,3442,4389,0,0,0,0,0,0,0,0,0,0,0,0
Evans,Mr Nigel,126043,111038,15005,18374,0,11512,75973,514,1531,1203,0,1931,3661,1394,9326,0,0,0,0,0,0,0,0,0,624,11
Kaufman,Rt Hon Sir Gerald,125649,110056,15593,13558,0,10046,80531,849,2485,522,0,2065,1656,13303,186,49,0,61,0,0,0,0,0,0,338,2
Wright,Dr Tony,125602,117082,8520,16162,0,15431,78159,743,2643,947,1073,1924,1634,6627,0,0,0,0,0,0,259,4,0,0,0,0
Robinson,Mrs Iris,125473,113500,11973,20478,0,8079,78175,879,3192,1382,0,1315,1820,479,9649,25,0,0,0,0,0,0,0,0,0,0
Byers,Rt Hon Stephen,125369,112343,13026,18091,0,20380,62166,516,1860,1244,0,8086,1442,8600,1663,0,0,0,0,685,0,0,0,0,636,4
Brown,Rt Hon Gordon,124454,111536,12918,17073,0,18847,69915,294,1382,1138,0,2887,0,1082,5554,0,0,0,0,0,3178,19,3104,31,0,0
Spellar,Rt Hon John,124326,118967,5359,11779,0,9799,85941,342,975,1029,0,9102,4534,220,0,0,0,0,0,0,0,0,0,0,605,12
Watts,Mr Dave,123836,109214,14622,11632,0,26763,59222,567,1497,1125,0,8408,1804,12588,0,0,0,0,0,0,230,2,0,0,0,0
Robertson,Hugh,123820,117406,6414,23083,0,16605,75733,291,510,1184,0,0,4184,736,0,0,539,494,0,291,170,11,0,0,0,0
Iddon,Dr Brian,123687,117356,6331,17398,0,19181,78817,240,502,1218,0,0,5824,0,0,0,0,50,0,0,241,5,0,0,216,6
Walker,Mr Charles,123133,120436,2697,10358,0,8970,90670,903,2404,1146,0,5985,1104,1010,0,296,0,14,0,0,256,20,0,0,17,2
Clarke,Rt Hon Kenneth,123076,117272,5804,17565,0,6866,88112,807,1592,1104,0,1226,4300,0,0,0,0,0,0,0,1504,30,0,0,0,0
Haselhurst,Rt Hon Sir Alan,122968,117926,5042,22957,0,10361,69779,827,3022,1040,0,9940,2476,2026,0,0,0,0,0,0,277,12,0,0,263,12
Hammond,Mr Philip,122586,117911,4675,23075,0,12046,78705,329,965,1261,0,1530,2151,42,0,54,122,2071,0,0,235,19,0,0,0,0
Horam,Mr John,121975,120065,1910,11452,0,26440,69225,406,1199,656,0,10687,1910,0,0,0,0,0,0,0,0,0,0,0,0,0
Hopkins,Kelvin,121809,116015,5794,1242,0,21298,88520,674,1821,1277,0,1183,600,3919,0,354,0,0,0,873,0,0,0,0,48,2
Gauke,Mr David,121782,119912,1870,20186,0,6962,85630,539,1291,878,0,4426,570,1300,0,0,0,0,0,0,0,0,0,0,0,0
Lord,Sir Michael,121772,115440,6332,23047,0,13154,73594,448,1858,1045,0,2294,4455,617,0,0,0,0,0,0,1260,30,0,0,0,0
Milton,Anne,121652,117903,3749,0,0,11734,91316,872,2813,1065,0,10103,2565,872,0,78,171,63,0,0,0,0,0,0,0,0
Key,Robert,121637,116320,5317,17611,0,16674,74139,445,1249,1108,0,5094,4124,63,0,0,113,0,0,0,803,19,0,0,214,6
Fitzpatrick,Jim,121553,121003,550,0,2812,10984,89352,1210,5741,1073,4471,5360,0,550,0,0,0,0,0,0,0,0,0,0,0,0
Ingram,Rt Hon Adam,121499,95551,25948,23083,0,15822,53017,644,1256,1193,0,536,4638,2365,14533,1149,0,0,0,0,2817,17,0,0,446,3
Hurd,Mr Nick,121481,119037,2444,0,2812,20025,80990,216,690,981,0,13323,2084,360,0,0,0,0,0,0,0,0,0,0,0,0
Twigg,Derek,121424,109569,11855,16800,0,12328,64546,452,1675,1258,8130,4380,660,9794,0,105,0,0,0,0,646,6,327,6,323,2
Hands,Mr Greg,121357,121357,0,0,2812,20731,87397,587,3174,1305,0,5351,0,0,0,0,0,0,0,0,0,0,0,0,0,0
Winterton,Lady Ann,121352,117530,3822,20194,0,14375,78990,821,2013,1137,0,0,2235,1587,0,0,0,0,0,0,0,0,0,0,0,0
Marshall-Andrews,Mr Robert,121161,120077,1084,19261,0,9885,79192,362,1240,1295,0,8842,589,495,0,0,0,0,0,0,0,0,0,0,0,0
Hill,Rt Hon Keith,121151,120015,1136,0,2812,7735,93501,1185,3918,1193,0,9671,0,1136,0,0,0,0,0,0,0,0,0,0,0,0
Spelman,Mrs Caroline,120832,102415,18417,10760,0,12642,55488,227,595,1749,13897,7057,4639,6075,0,168,0,166,0,0,3075,29,3885,70,409,17
Greening,Justine,120435,119028,1407,0,2812,20379,83285,817,2588,1237,0,7910,664,673,0,70,0,0,0,0,0,0,0,0,0,0
Scott,Mr Lee,120079,116234,3845,0,2812,14585,89273,595,2391,926,0,5652,3068,529,0,20,0,0,0,0,116,30,0,0,112,24
Davies,Dai,119697,116654,3043,22506,0,13738,79059,48,408,895,0,0,0,2698,0,0,0,0,0,0,219,10,70,7,56,2
Rifkind,Rt Hon Sir Malcolm,119685,114590,5095,0,2812,12509,91048,479,2641,913,0,4188,1640,82,2567,307,0,0,0,0,499,3,0,0,0,0
Fallon,Mr Michael,119667,114757,4910,22853,0,12413,72015,430,1125,1183,0,4738,720,4120,0,26,0,0,0,0,44,8,0,0,0,0
Malins,Sir Humfrey,119492,113168,6324,10459,0,16009,75729,607,1853,743,0,7768,3994,1275,0,586,0,0,0,0,193,30,0,0,276,24
Timms,Rt Hon Stephen,119225,119225,0,0,2812,5315,99526,744,2485,1250,2140,4953,0,0,0,0,0,0,0,0,0,0,0,0,0,0
Whittingdale,Mr John,119116,111273,7843,23083,0,9255,70071,482,1590,1251,0,5541,5158,1850,0,123,0,0,0,0,640,21,72,6,0,0
Gummer,Rt Hon John,118786,117425,1361,23076,0,15384,72787,530,2577,1212,0,1859,86,620,0,0,0,0,0,0,0,0,0,0,655,20
May,Rt Hon Theresa,118147,115783,2364,4288,0,6641,90983,511,1275,1962,0,10123,1168,187,0,0,0,850,0,159,0,0,0,0,0,0
Raynsford,Rt Hon Nick,117562,117562,0,0,2812,12668,91034,348,1367,1358,0,7975,0,0,0,0,0,0,0,0,0,0,0,0,0,0
Wilson,Phil,117268,102318,14950,17312,0,15745,61478,915,3192,760,0,2916,3803,7831,0,44,0,0,0,0,0,0,133,2,3139,21
Gerrard,Mr Neil,117044,113984,3060,0,2812,8733,83247,626,1570,1240,10035,5721,0,1136,0,0,0,115,0,1809,0,0,0,0,0,0
Lidington,Mr David,115891,111232,4659,19470,0,11239,70833,627,2690,1283,0,5090,1070,1138,0,208,100,445,1698,0,0,0,0,0,0,0
Kelly,Rt Hon Ruth,115844,107899,7945,13326,0,11951,80132,591,779,1061,0,59,437,4643,1876,0,0,0,0,0,173,1,86,1,730,5
Widdecombe,Rt Hon Ann,115728,114069,1659,858,0,20957,87456,465,903,1000,2430,0,1429,205,0,0,0,0,0,0,0,0,0,0,25,3
Howard,Rt Hon Michael,114990,112205,2785,18200,0,10883,78064,564,1874,1272,0,1348,2670,16,0,0,0,0,0,0,99,9,0,0,0,0
Shepherd,Mr Richard,113658,107751,5907,15402,0,10569,73053,284,430,685,0,7328,5794,0,0,0,0,0,0,0,0,0,0,0,113,2
Cunningham,Mr Jim,113238,108820,4418,17365,0,9958,75248,441,2360,1358,599,1491,1217,3093,0,0,0,0,0,0,108,2,0,0,0,0
Duncan Smith,Rt Hon Iain,112905,107853,5052,0,2812,16641,78983,276,1291,1257,0,6593,2054,2816,0,0,0,35,0,0,129,14,18,4,0,0
Benton,Mr Joe,112338,99965,12373,8363,0,8556,79667,426,1877,1076,0,0,1888,9314,0,0,0,0,0,0,286,2,563,2,322,2
Ennis,Jeff,109631,99353,10278,11632,0,9729,74104,281,439,1181,0,1987,6168,877,0,19,46,0,0,0,1267,11,0,0,1901,18
Robathan,Mr Andrew,109594,102364,7230,23083,0,11934,64599,233,1237,1278,0,0,3754,2450,0,0,0,0,0,0,362,9,664,20,0,0
Brokenshire,James,109215,107093,2122,368,0,14589,86036,668,1521,1165,0,2746,0,1720,0,0,0,402,0,0,0,0,0,0,0,0
Spicer,Sir Michael,109208,104376,4832,21162,0,11701,46714,560,1545,1107,0,21587,2814,1792,0,0,0,58,0,0,168,5,0,0,0,0
Evennett,Mr David,108837,106339,2498,0,2812,13369,82406,389,1635,1117,0,4611,1738,747,0,0,0,0,0,0,13,2,0,0,0,0
Pelling,Mr Andrew,106873,106851,22,0,2812,10244,79226,787,1755,1140,0,10887,0,0,0,0,1,21,0,0,0,0,0,0,0,0
Clapham,Mr Michael,106710,98463,8247,20256,0,8052,62689,223,1812,1310,0,4121,5421,1372,0,0,0,86,0,0,1091,10,0,0,277,2
Redwood,Rt Hon John,105917,102006,3911,22729,0,10427,55616,457,1841,1250,0,9686,3911,0,0,0,0,0,0,0,0,0,0,0,0,0
Benyon,Mr Richard,105728,103256,2472,0,0,15501,75566,1189,3625,1269,0,6106,824,1143,0,125,0,0,0,0,0,0,0,0,380,22
Afriyie,Adam,104652,104652,0,0,0,17297,83261,534,2270,1290,0,0,0,0,0,0,0,0,0,0,0,0,0,0,0,0
Benn,Rt Hon Hilary,103877,93827,10050,11631,0,10661,64164,907,2218,1407,0,2839,0,10050,0,0,0,0,0,0,0,0,0,0,0,0
Bercow,John,103436,98036,5400,23083,0,7006,55952,735,2115,1001,0,8144,5400,0,0,0,0,0,0,0,0,0,0,0,0,0
Hoey,Kate,100677,98491,2186,0,2812,4261,81010,1031,3637,1188,0,4552,2186,0,0,0,0,0,0,0,0,0,0,0,0,0
Stanley,Rt Hon Sir John,99796,98206,1590,22252,0,5930,65613,1193,1831,1387,0,0,1220,343,0,0,0,0,0,0,27,2,0,0,0,0
Randall,Mr John,98903,95657,3246,0,2812,16659,70884,625,3551,1126,0,0,3246,0,0,0,0,0,0,0,0,0,0,0,0,0
Dobson,Rt Hon Frank,97840,97667,173,0,2812,4371,85304,881,1648,26,0,2625,0,0,0,0,0,173,0,0,0,0,0,0,0,0
Winnick,Mr David,96202,91091,5111,9530,0,11575,67554,294,1109,1029,0,0,0,5107,0,0,0,4,0,0,0,0,0,0,0,0
Swayne,Mr Desmond,94753,90874,3879,15957,0,7322,64144,412,1607,1259,0,173,1372,2089,0,0,0,0,0,0,418,19,0,0,0,0
Sharma,Virendra,93052,90431,2621,0,1958,15988,62003,802,2395,1128,0,6157,1156,63,0,0,0,0,0,1402,0,0,0,0,0,0
Winterton,Sir Nicholas,89133,83079,6054,14918,0,7812,55388,1045,2997,919,0,0,5156,831,0,0,28,0,0,0,0,0,0,0,39,2
Taylor,Dr Richard,86484,81170,5314,19698,0,6065,53424,189,990,804,0,0,0,4567,0,0,0,0,0,0,643,8,104,2,0,0
Williams,Rt Hon Alan,80526,76815,3711,5221,0,10913,59313,368,303,256,0,441,3224,349,0,0,0,0,0,0,138,1,0,0,0,0
Martin,Rt Hon Michael J.,74522,61362,13160,11750,0,5547,42669,85,550,761,0,0,2628,178,10092,191,71,0,0,0,0,0,0,0,0,0
Skinner,Mr Dennis,66933,60521,6412,11323,0,1039,45522,306,1105,1226,0,0,5722,0,0,0,0,0,0,0,0,0,0,0,690,12
Blair,Rt Hon Tony,64064,63412,652,5772,0,2181,19188,0,0,1249,35022,0,0,652,0,0,0,0,0,0,0,14,0,19,0,0
Hollobone,Mr Philip,47737,40433,7304,22999,0,7623,400,71,435,1029,0,7876,1675,4839,0,790,0,0,0,0,0,0,0,0,0,0